-- --------------------------------------------------------
-- Host:                         127.0.0.1
-- Server version:               5.7.24 - MySQL Community Server (GPL)
-- Server OS:                    Win64
-- HeidiSQL Version:             12.1.0.6537
-- --------------------------------------------------------

/*!40101 SET @OLD_CHARACTER_SET_CLIENT=@@CHARACTER_SET_CLIENT */;
/*!40101 SET NAMES utf8 */;
/*!50503 SET NAMES utf8mb4 */;
/*!40103 SET @OLD_TIME_ZONE=@@TIME_ZONE */;
/*!40103 SET TIME_ZONE='+00:00' */;
/*!40014 SET @OLD_FOREIGN_KEY_CHECKS=@@FOREIGN_KEY_CHECKS, FOREIGN_KEY_CHECKS=0 */;
/*!40101 SET @OLD_SQL_MODE=@@SQL_MODE, SQL_MODE='NO_AUTO_VALUE_ON_ZERO' */;
/*!40111 SET @OLD_SQL_NOTES=@@SQL_NOTES, SQL_NOTES=0 */;


-- Dumping database structure for agenx
CREATE DATABASE IF NOT EXISTS `agenx` /*!40100 DEFAULT CHARACTER SET utf8 COLLATE utf8_unicode_ci */;
USE `agenx`;

-- Dumping structure for table agenx.tbl_informasi
CREATE TABLE IF NOT EXISTS `tbl_informasi` (
  `id` bigint(20) unsigned NOT NULL AUTO_INCREMENT,
  `informasi` text NOT NULL,
  `tanggal_mulai` date NOT NULL,
  `tanggal_selesai` date NOT NULL,
  `id_group` text NOT NULL,
  `created_by` varchar(100) NOT NULL,
  `created_at` datetime NOT NULL,
  `updated_by` varchar(100) NOT NULL,
  `updated_at` datetime NOT NULL,
  PRIMARY KEY (`id`)
) ENGINE=MyISAM DEFAULT CHARSET=utf8;

-- Dumping data for table agenx.tbl_informasi: 0 rows
DELETE FROM `tbl_informasi`;
/*!40000 ALTER TABLE `tbl_informasi` DISABLE KEYS */;
/*!40000 ALTER TABLE `tbl_informasi` ENABLE KEYS */;

-- Dumping structure for table agenx.tbl_kode
CREATE TABLE IF NOT EXISTS `tbl_kode` (
  `id` bigint(20) unsigned NOT NULL AUTO_INCREMENT,
  `tabel` varchar(100) NOT NULL,
  `kolom` varchar(100) NOT NULL,
  `panjang` int(10) unsigned NOT NULL,
  `awalan` varchar(50) NOT NULL,
  `akhiran` varchar(50) NOT NULL,
  `is_active` tinyint(1) NOT NULL,
  `created_by` varchar(100) NOT NULL,
  `created_at` datetime NOT NULL,
  `updated_by` varchar(100) NOT NULL,
  `updated_at` datetime NOT NULL,
  PRIMARY KEY (`id`)
) ENGINE=MyISAM DEFAULT CHARSET=utf8;

-- Dumping data for table agenx.tbl_kode: 0 rows
DELETE FROM `tbl_kode`;
/*!40000 ALTER TABLE `tbl_kode` DISABLE KEYS */;
/*!40000 ALTER TABLE `tbl_kode` ENABLE KEYS */;

-- Dumping structure for table agenx.tbl_menu
CREATE TABLE IF NOT EXISTS `tbl_menu` (
  `id` bigint(20) unsigned NOT NULL AUTO_INCREMENT,
  `parent_id` bigint(20) unsigned NOT NULL,
  `level1` bigint(20) unsigned NOT NULL,
  `level2` bigint(20) unsigned NOT NULL,
  `level3` bigint(20) unsigned NOT NULL,
  `nama` varchar(150) NOT NULL,
  `deskripsi` varchar(150) NOT NULL,
  `target` varchar(150) NOT NULL,
  `icon` varchar(30) NOT NULL,
  `_view` tinyint(1) NOT NULL DEFAULT '1',
  `_input` tinyint(1) NOT NULL,
  `_edit` tinyint(1) NOT NULL,
  `_delete` tinyint(1) NOT NULL,
  `_additional` text NOT NULL,
  `ref` varchar(100) NOT NULL,
  `urutan` tinyint(4) NOT NULL,
  `dev_only` tinyint(1) NOT NULL,
  `is_active` tinyint(1) NOT NULL,
  `created_by` varchar(100) NOT NULL,
  `created_at` datetime NOT NULL,
  `updated_by` varchar(100) NOT NULL,
  `updated_at` datetime NOT NULL,
  PRIMARY KEY (`id`)
) ENGINE=MyISAM AUTO_INCREMENT=14 DEFAULT CHARSET=utf8;

-- Dumping data for table agenx.tbl_menu: 13 rows
DELETE FROM `tbl_menu`;
/*!40000 ALTER TABLE `tbl_menu` DISABLE KEYS */;
INSERT INTO `tbl_menu` (`id`, `parent_id`, `level1`, `level2`, `level3`, `nama`, `deskripsi`, `target`, `icon`, `_view`, `_input`, `_edit`, `_delete`, `_additional`, `ref`, `urutan`, `dev_only`, `is_active`, `created_by`, `created_at`, `updated_by`, `updated_at`) VALUES
	(1, 0, 1, 0, 0, 'Pengaturan', '', 'settings', 'fa-cog', 1, 0, 0, 0, '', '', 101, 0, 1, '', '0000-00-00 00:00:00', 'Administrator', '2021-06-22 13:03:53'),
	(2, 1, 1, 2, 0, 'Aplikasi', '', 'settings/application', 'fa-browser', 1, 0, 0, 0, '', '', 1, 0, 1, '', '0000-00-00 00:00:00', '', '0000-00-00 00:00:00'),
	(3, 7, 7, 3, 0, 'Menu', '', 'development/menu', 'fa-bars', 1, 1, 1, 1, '', '', 1, 0, 1, '', '0000-00-00 00:00:00', '', '0000-00-00 00:00:00'),
	(4, 1, 1, 4, 0, 'Manajemen Pengguna', '', 'settings/user-management', 'fa-user', 1, 0, 0, 0, '', '', 2, 0, 1, '', '0000-00-00 00:00:00', 'Admin', '2021-06-25 05:17:49'),
	(5, 4, 1, 4, 5, 'Daftar Pengguna', '', 'settings/user-lists', 'fa-users', 1, 1, 1, 1, 'import', '', 1, 0, 1, '', '0000-00-00 00:00:00', 'Admin', '2021-06-25 05:17:33'),
	(6, 4, 1, 4, 6, 'Peran Pengguna', '', 'settings/user-roles', 'fa-user-cog', 1, 1, 1, 1, '', '', 2, 0, 1, '', '0000-00-00 00:00:00', '', '0000-00-00 00:00:00'),
	(7, 0, 7, 0, 0, 'Pengembangan', '', 'development', 'fa-code', 1, 0, 0, 0, '', '', 102, 1, 1, '', '0000-00-00 00:00:00', '', '0000-00-00 00:00:00'),
	(8, 1, 1, 8, 0, 'Kode Otomatis', '', 'settings/auto-code', 'fa-wand-magic', 1, 1, 1, 1, '', '', 3, 0, 1, 'Administrator', '2021-06-20 20:52:47', 'Admin', '2021-06-25 19:11:07'),
	(9, 7, 7, 9, 0, 'Manajemen Database', '', 'development/manajemen-database', 'fa-database', 1, 1, 1, 1, '', '', 2, 0, 1, 'Admin', '2021-07-15 17:58:15', 'Admin', '2021-07-23 16:53:42'),
	(10, 1, 1, 10, 0, 'Informasi', '', 'settings/information', 'fa-bullhorn', 1, 1, 1, 1, '', '', 4, 0, 1, 'Admin', '2021-11-11 19:02:37', '', '0000-00-00 00:00:00'),
	(11, 13, 13, 11, 0, 'Order', '', 'master/order', 'fa-first-order', 1, 0, 1, 1, '', '', 1, 0, 1, 'Admin', '2022-07-06 16:57:29', 'Ibeffaro', '2023-04-04 00:00:00'),
	(12, 13, 13, 12, 0, 'Check In', '', 'master/checkin', 'fa-check-square', 1, 1, 0, 0, '', '', 2, 0, 1, 'Ibeffaro', '2023-04-04 00:00:00', 'Ibeffaro', '2023-04-04 00:00:00'),
	(13, 0, 13, 0, 0, 'Data Master', '', 'master', 'fa-database', 1, 0, 0, 0, '', '', 1, 0, 1, 'Ibeffaro', '2023-04-04 00:00:00', 'Ibeffaro', '2023-04-04 00:00:00');
/*!40000 ALTER TABLE `tbl_menu` ENABLE KEYS */;

-- Dumping structure for table agenx.tbl_notifikasi
CREATE TABLE IF NOT EXISTS `tbl_notifikasi` (
  `id` bigint(20) unsigned NOT NULL AUTO_INCREMENT,
  `title` varchar(100) NOT NULL,
  `description` varchar(255) NOT NULL,
  `notif_link` varchar(255) NOT NULL,
  `notif_date` datetime NOT NULL,
  `notif_type` varchar(30) NOT NULL,
  `notif_icon` varchar(30) NOT NULL,
  `is_read` tinyint(1) NOT NULL,
  `id_user` bigint(20) unsigned NOT NULL COMMENT 'fk',
  `transaksi` varchar(255) NOT NULL,
  `id_transaksi` bigint(20) unsigned NOT NULL,
  PRIMARY KEY (`id`)
) ENGINE=MyISAM DEFAULT CHARSET=utf8;

-- Dumping data for table agenx.tbl_notifikasi: 0 rows
DELETE FROM `tbl_notifikasi`;
/*!40000 ALTER TABLE `tbl_notifikasi` DISABLE KEYS */;
/*!40000 ALTER TABLE `tbl_notifikasi` ENABLE KEYS */;

-- Dumping structure for table agenx.tbl_order
CREATE TABLE IF NOT EXISTS `tbl_order` (
  `id` int(11) NOT NULL AUTO_INCREMENT,
  `nomor_id` varchar(20) COLLATE utf8_unicode_ci DEFAULT NULL,
  `nama` varchar(50) COLLATE utf8_unicode_ci DEFAULT NULL,
  `jenis_kelamin` varchar(50) COLLATE utf8_unicode_ci DEFAULT NULL,
  `telp` varchar(20) COLLATE utf8_unicode_ci DEFAULT NULL,
  `is_active` tinyint(4) NOT NULL,
  `created_at` datetime NOT NULL,
  `created_by` varchar(50) COLLATE utf8_unicode_ci DEFAULT NULL,
  `updated_at` datetime NOT NULL,
  `updated_by` varchar(50) COLLATE utf8_unicode_ci DEFAULT NULL,
  PRIMARY KEY (`id`)
) ENGINE=InnoDB DEFAULT CHARSET=utf8 COLLATE=utf8_unicode_ci;

-- Dumping data for table agenx.tbl_order: ~0 rows (approximately)
DELETE FROM `tbl_order`;

-- Dumping structure for table agenx.tbl_setting
CREATE TABLE IF NOT EXISTS `tbl_setting` (
  `id` bigint(20) unsigned NOT NULL AUTO_INCREMENT,
  `_key` varchar(100) NOT NULL,
  `_value` text NOT NULL,
  `serialize` tinyint(1) NOT NULL,
  PRIMARY KEY (`id`)
) ENGINE=MyISAM AUTO_INCREMENT=41 DEFAULT CHARSET=utf8;

-- Dumping data for table agenx.tbl_setting: 40 rows
DELETE FROM `tbl_setting`;
/*!40000 ALTER TABLE `tbl_setting` DISABLE KEYS */;
INSERT INTO `tbl_setting` (`id`, `_key`, `_value`, `serialize`) VALUES
	(1, 'title', 'Agenx', 0),
	(2, 'description', '-', 0),
	(3, 'favicon', 'f7e469b83f819963ffc08c45baae7e2b.svg', 0),
	(4, 'logo', '4af5815a0a7c0f20db1cb097fcd08c8d.svg', 0),
	(5, 'color_primary', '#e50914', 0),
	(6, 'font_size', '12', 0),
	(7, 'fileupload_mimes', 'jpg,jpeg,png,bmp,gif,pdf,xpdf,zip,xls,xlsx,csv,svg', 0),
	(8, 'company_name', 'PT Agenx', 0),
	(9, 'company_address', 'Sukabumi', 0),
	(10, 'company_email', 'info@agenx.com', 0),
	(11, 'company_phone', '089600001111', 0),
	(12, 'company_fax', '', 0),
	(13, 'company_logo', '272b061b98ab3c483e42f855334cb26a.svg', 0),
	(14, 'expired_password', '', 0),
	(15, 'history_password_limit', '', 0),
	(16, 'wrong_password_limit', '', 0),
	(17, 'custom_color_primary', '1', 0),
	(18, 'single_login', '', 0),
	(19, 'smtp_server', 'ssl://mail.sarikata.com', 0),
	(20, 'smtp_port', '465', 0),
	(21, 'smtp_email', 'eproc@sarikata.com', 0),
	(22, 'smtp_password', 'munjalindra2019', 0),
	(23, 'smtp_email_alias', 'info@affiliate-ku.com', 0),
	(24, 'smtp_sender_alias', 'Affiliate-Ku Support', 0),
	(25, 'smtp_active', '1', 0),
	(26, 'strong_password', '', 0),
	(27, 'password_min_length', '6', 0),
	(28, 'write_log_activity', '1', 0),
	(29, 'header_color_primary', '1', 0),
	(30, 'select', '', 0),
	(31, 'font_type', 'roboto', 0),
	(32, 'pos_account_notif', 'header', 0),
	(33, 'pos_action_button', 'left', 0),
	(34, 'table_style', 'table-bordered,table-striped,table-hover', 0),
	(35, 'border_radius', '4', 0),
	(36, 'pos_add_button', 'header', 0),
	(37, 'background_login_active', '1', 0),
	(38, 'background_login', '07267ad47b0b8ab1fbffc04f25f77b14.png', 0),
	(39, 'style_sidebar', 'app-style3', 0),
	(40, 'role_root', '1', 0);
/*!40000 ALTER TABLE `tbl_setting` ENABLE KEYS */;

-- Dumping structure for table agenx.tbl_user
CREATE TABLE IF NOT EXISTS `tbl_user` (
  `id` bigint(20) unsigned NOT NULL AUTO_INCREMENT,
  `id_group` bigint(20) unsigned NOT NULL COMMENT 'fk',
  `kode` varchar(50) NOT NULL,
  `nama` varchar(100) NOT NULL,
  `username` varchar(100) NOT NULL,
  `password` varchar(255) NOT NULL,
  `email` varchar(100) NOT NULL,
  `telepon` varchar(100) NOT NULL,
  `foto` varchar(100) NOT NULL,
  `last_login` datetime NOT NULL,
  `last_activity` datetime NOT NULL,
  `ip_address` varchar(30) NOT NULL,
  `invalid_password` tinyint(4) NOT NULL,
  `is_active` tinyint(1) NOT NULL,
  `change_password_by` varchar(100) NOT NULL,
  `change_password_at` datetime NOT NULL,
  `created_by` varchar(100) NOT NULL,
  `created_at` datetime NOT NULL,
  `updated_by` varchar(100) NOT NULL,
  `updated_at` datetime NOT NULL,
  PRIMARY KEY (`id`)
) ENGINE=MyISAM AUTO_INCREMENT=3 DEFAULT CHARSET=utf8;

-- Dumping data for table agenx.tbl_user: 2 rows
DELETE FROM `tbl_user`;
/*!40000 ALTER TABLE `tbl_user` DISABLE KEYS */;
INSERT INTO `tbl_user` (`id`, `id_group`, `kode`, `nama`, `username`, `password`, `email`, `telepon`, `foto`, `last_login`, `last_activity`, `ip_address`, `invalid_password`, `is_active`, `change_password_by`, `change_password_at`, `created_by`, `created_at`, `updated_by`, `updated_at`) VALUES
	(1, 1, '00000', 'Ibeffaro', 'ibeffaro', '$2y$09$voJkPaPkMB6uscKQr.Xf6ewzha4YzLT5KKxi7An2bpQgwMrQegbay', 'febrihardiansastra@gmail.com', '085899991774', '234006ee0913cacf560910f78a472d19.jpg', '2023-04-04 00:00:00', '2023-04-04 17:47:49', '127.0.0.1', 0, 1, '', '0000-00-00 00:00:00', 'Administrator', '2022-08-18 00:00:00', 'Ibeffaro', '2023-04-04 00:00:00'),
	(2, 2, '00001', 'Super Admin', 'superadmin', '$2y$09$xdMq2ZpCGCCScw4x6cx00OyTb8oB4N7Sj/j9mjL7TnLCTj4mPme1S', 'ibeffaro@gmail.com', '098609892700', '', '2023-04-04 00:00:00', '2023-04-04 18:24:38', '127.0.0.1', 0, 1, '', '0000-00-00 00:00:00', 'Ibeffaro', '2022-09-29 23:33:27', 'Ibeffaro', '2023-04-04 00:00:00');
/*!40000 ALTER TABLE `tbl_user` ENABLE KEYS */;

-- Dumping structure for table agenx.tbl_user_akses
CREATE TABLE IF NOT EXISTS `tbl_user_akses` (
  `id` bigint(20) unsigned NOT NULL AUTO_INCREMENT,
  `id_group` bigint(20) unsigned NOT NULL COMMENT 'fk',
  `id_menu` bigint(20) unsigned NOT NULL COMMENT 'fk',
  `_view` tinyint(1) NOT NULL,
  `_input` tinyint(1) NOT NULL,
  `_edit` tinyint(1) NOT NULL,
  `_delete` tinyint(1) NOT NULL,
  `_additional` text NOT NULL,
  PRIMARY KEY (`id`)
) ENGINE=MyISAM AUTO_INCREMENT=27 DEFAULT CHARSET=utf8;

-- Dumping data for table agenx.tbl_user_akses: 26 rows
DELETE FROM `tbl_user_akses`;
/*!40000 ALTER TABLE `tbl_user_akses` DISABLE KEYS */;
INSERT INTO `tbl_user_akses` (`id`, `id_group`, `id_menu`, `_view`, `_input`, `_edit`, `_delete`, `_additional`) VALUES
	(1, 1, 1, 1, 0, 0, 0, '[]'),
	(2, 1, 2, 1, 0, 0, 0, '[]'),
	(3, 1, 3, 1, 1, 1, 1, '[]'),
	(4, 1, 4, 1, 0, 0, 0, '[]'),
	(5, 1, 5, 1, 1, 1, 1, '{"import":"1"}'),
	(6, 1, 6, 1, 1, 1, 1, '[]'),
	(7, 1, 7, 1, 0, 0, 0, '[]'),
	(8, 1, 8, 1, 1, 1, 1, '[]'),
	(9, 1, 9, 1, 1, 1, 1, '[]'),
	(10, 1, 10, 1, 1, 1, 1, '[]'),
	(11, 1, 11, 1, 0, 1, 1, '[]'),
	(12, 1, 12, 1, 1, 0, 0, '[]'),
	(13, 1, 13, 1, 0, 0, 0, '[]'),
	(14, 2, 11, 1, 0, 1, 1, '[]'),
	(15, 2, 12, 1, 1, 0, 0, '[]'),
	(16, 2, 2, 0, 0, 0, 0, '[]'),
	(17, 2, 5, 0, 0, 0, 0, '[]'),
	(18, 2, 6, 0, 0, 0, 0, '[]'),
	(19, 2, 8, 0, 0, 0, 0, '[]'),
	(20, 2, 10, 0, 0, 0, 0, '[]'),
	(21, 2, 3, 0, 0, 0, 0, '[]'),
	(22, 2, 9, 0, 0, 0, 0, '[]'),
	(23, 2, 1, 0, 0, 0, 0, '[]'),
	(24, 2, 4, 0, 0, 0, 0, '[]'),
	(25, 2, 7, 0, 0, 0, 0, '[]'),
	(26, 2, 13, 1, 0, 0, 0, '[]');
/*!40000 ALTER TABLE `tbl_user_akses` ENABLE KEYS */;

-- Dumping structure for table agenx.tbl_user_group
CREATE TABLE IF NOT EXISTS `tbl_user_group` (
  `id` bigint(20) unsigned NOT NULL AUTO_INCREMENT,
  `nama` varchar(150) NOT NULL,
  `keterangan` text NOT NULL,
  `id_menu_default` bigint(20) unsigned NOT NULL,
  `is_active` tinyint(1) NOT NULL,
  `created_by` varchar(100) NOT NULL,
  `created_at` datetime NOT NULL,
  `updated_by` varchar(100) NOT NULL,
  `updated_at` datetime NOT NULL,
  PRIMARY KEY (`id`)
) ENGINE=MyISAM AUTO_INCREMENT=3 DEFAULT CHARSET=utf8;

-- Dumping data for table agenx.tbl_user_group: 2 rows
DELETE FROM `tbl_user_group`;
/*!40000 ALTER TABLE `tbl_user_group` DISABLE KEYS */;
INSERT INTO `tbl_user_group` (`id`, `nama`, `keterangan`, `id_menu_default`, `is_active`, `created_by`, `created_at`, `updated_by`, `updated_at`) VALUES
	(1, 'Root', 'Role Web Developer', 0, 1, 'Ibeffaro', '0000-00-00 00:00:00', 'Ibeffaro', '2023-04-04 00:00:00'),
	(2, 'Super Admin', 'Role khusus untuk Pengguna Super Admin', 0, 1, 'Ibeffaro', '2022-09-29 23:32:31', 'Ibeffaro', '2023-04-04 00:00:00');
/*!40000 ALTER TABLE `tbl_user_group` ENABLE KEYS */;

-- Dumping structure for table agenx.tbl_user_log
CREATE TABLE IF NOT EXISTS `tbl_user_log` (
  `id` bigint(20) unsigned NOT NULL AUTO_INCREMENT,
  `ip_address` varchar(50) NOT NULL,
  `id_user` bigint(20) unsigned NOT NULL COMMENT 'fk',
  `nama_user` varchar(100) NOT NULL,
  `tanggal` datetime NOT NULL,
  `keterangan` text NOT NULL,
  `metode` varchar(5) NOT NULL,
  `data` text NOT NULL,
  `respon` varchar(30) NOT NULL,
  PRIMARY KEY (`id`)
) ENGINE=MyISAM AUTO_INCREMENT=855 DEFAULT CHARSET=utf8;

-- Dumping data for table agenx.tbl_user_log: 854 rows
DELETE FROM `tbl_user_log`;
/*!40000 ALTER TABLE `tbl_user_log` DISABLE KEYS */;
INSERT INTO `tbl_user_log` (`id`, `ip_address`, `id_user`, `nama_user`, `tanggal`, `keterangan`, `metode`, `data`, `respon`) VALUES
	(1, '127.0.0.1', 0, '', '2023-04-04 14:20:56', 'Mengakses http://localhost/agenx/auth/login', 'GET', '', '200'),
	(2, '127.0.0.1', 0, '', '2023-04-04 14:21:45', 'Mengakses http://localhost/agenx/auth/login', 'GET', '', '200'),
	(3, '127.0.0.1', 0, '', '2023-04-04 14:26:41', 'Mengakses http://localhost/agenx/auth/login', 'GET', '', '200'),
	(4, '127.0.0.1', 0, '', '2023-04-04 14:28:19', 'Mengakses http://localhost/agenx/auth/login', 'GET', '', '200'),
	(5, '127.0.0.1', 0, '', '2023-04-04 14:28:24', 'Mengakses http://localhost/agenx/auth/login', 'GET', '', '200'),
	(6, '127.0.0.1', 0, '', '2023-04-04 14:28:39', 'Mengakses http://localhost/agenx/auth/login', 'GET', '', '200'),
	(7, '127.0.0.1', 0, '', '2023-04-04 14:36:15', 'Mengakses http://localhost/agenx/auth/login', 'GET', '', '200'),
	(8, '127.0.0.1', 0, '', '2023-04-04 14:36:32', 'Mengakses http://localhost/agenx/auth/login', 'GET', '', '200'),
	(9, '127.0.0.1', 0, '', '2023-04-04 14:36:33', 'Mengakses http://localhost/agenx/auth/login', 'GET', '', '200'),
	(10, '127.0.0.1', 0, '', '2023-04-04 14:36:34', 'Mengakses http://localhost/agenx/auth/login', 'GET', '', '200'),
	(11, '127.0.0.1', 0, '', '2023-04-04 14:36:44', 'Mengakses http://localhost/agenx/auth/login', 'GET', '', '200'),
	(12, '127.0.0.1', 0, '', '2023-04-04 14:36:45', 'Mengakses http://localhost/agenx/auth/login', 'GET', '', '200'),
	(13, '127.0.0.1', 0, '', '2023-04-04 14:36:58', 'Mengakses http://localhost/agenx/auth/do-login', 'POST', 'a:2:{s:8:"username";s:8:"ibeffaro";s:8:"password";s:60:"$2y$09$1tLTGVapMlI0yBiBlNVsGeHr88YlXejxkDHy6lIQ/1vO6IKC7glzy";}', '200'),
	(14, '127.0.0.1', 0, '', '2023-04-04 14:37:03', 'Mengakses http://localhost/agenx/auth/do-login', 'POST', 'a:2:{s:8:"username";s:8:"ibeffaro";s:8:"password";s:60:"$2y$09$2WfvNSBMRpwbdb18JJ4dkOPUez85GOdbnert01mIM3PBGrIq6199a";}', '200'),
	(15, '127.0.0.1', 1, 'Ibeffaro', '2023-04-04 14:37:03', 'Mengakses http://localhost/agenx/welcome', 'GET', '', '200'),
	(16, '127.0.0.1', 1, 'Ibeffaro', '2023-04-04 14:37:03', 'Mengakses http://localhost/agenx/master', 'GET', '', '404'),
	(17, '127.0.0.1', 1, 'Ibeffaro', '2023-04-04 14:37:12', 'Mengakses http://localhost/agenx/master', 'GET', '', '404'),
	(18, '127.0.0.1', 1, 'Ibeffaro', '2023-04-04 14:37:18', 'Mengakses http://localhost/agenx/setting', 'GET', '', '404'),
	(19, '127.0.0.1', 1, 'Ibeffaro', '2023-04-04 14:37:21', 'Mengakses http://localhost/agenx/settings', 'GET', '', '200'),
	(20, '127.0.0.1', 1, 'Ibeffaro', '2023-04-04 14:37:24', 'Mengakses http://localhost/agenx/welcome', 'GET', '', '200'),
	(21, '127.0.0.1', 1, 'Ibeffaro', '2023-04-04 14:37:24', 'Mengakses http://localhost/agenx/master', 'GET', '', '404'),
	(22, '127.0.0.1', 1, 'Ibeffaro', '2023-04-04 14:37:29', 'Mengakses http://localhost/agenx/welcome', 'GET', '', '200'),
	(23, '127.0.0.1', 1, 'Ibeffaro', '2023-04-04 14:37:29', 'Mengakses http://localhost/agenx/master', 'GET', '', '404'),
	(24, '127.0.0.1', 1, 'Ibeffaro', '2023-04-04 14:37:30', 'Mengakses http://localhost/agenx/welcome', 'GET', '', '200'),
	(25, '127.0.0.1', 1, 'Ibeffaro', '2023-04-04 14:37:31', 'Mengakses http://localhost/agenx/master', 'GET', '', '404'),
	(26, '127.0.0.1', 1, 'Ibeffaro', '2023-04-04 14:37:31', 'Mengakses http://localhost/agenx/welcome', 'GET', '', '200'),
	(27, '127.0.0.1', 1, 'Ibeffaro', '2023-04-04 14:37:31', 'Mengakses http://localhost/agenx/master', 'GET', '', '404'),
	(28, '127.0.0.1', 1, 'Ibeffaro', '2023-04-04 14:37:32', 'Mengakses http://localhost/agenx/welcome', 'GET', '', '200'),
	(29, '127.0.0.1', 1, 'Ibeffaro', '2023-04-04 14:37:32', 'Mengakses http://localhost/agenx/master', 'GET', '', '404'),
	(30, '127.0.0.1', 1, 'Ibeffaro', '2023-04-04 14:37:52', 'Mengakses http://localhost/agenx/welcome', 'GET', '', '200'),
	(31, '127.0.0.1', 1, 'Ibeffaro', '2023-04-04 14:37:53', 'Mengakses http://localhost/agenx/master', 'GET', '', '404'),
	(32, '127.0.0.1', 1, 'Ibeffaro', '2023-04-04 14:37:53', 'Mengakses http://localhost/agenx/welcome', 'GET', '', '200'),
	(33, '127.0.0.1', 1, 'Ibeffaro', '2023-04-04 14:37:54', 'Mengakses http://localhost/agenx/master', 'GET', '', '404'),
	(34, '127.0.0.1', 1, 'Ibeffaro', '2023-04-04 14:37:54', 'Mengakses http://localhost/agenx/welcome', 'GET', '', '200'),
	(35, '127.0.0.1', 1, 'Ibeffaro', '2023-04-04 14:37:54', 'Mengakses http://localhost/agenx/master', 'GET', '', '404'),
	(36, '127.0.0.1', 1, 'Ibeffaro', '2023-04-04 14:37:55', 'Mengakses http://localhost/agenx/welcome', 'GET', '', '200'),
	(37, '127.0.0.1', 1, 'Ibeffaro', '2023-04-04 14:37:55', 'Mengakses http://localhost/agenx/master', 'GET', '', '404'),
	(38, '127.0.0.1', 1, 'Ibeffaro', '2023-04-04 14:37:56', 'Mengakses http://localhost/agenx/welcome', 'GET', '', '200'),
	(39, '127.0.0.1', 1, 'Ibeffaro', '2023-04-04 14:37:56', 'Mengakses http://localhost/agenx/master', 'GET', '', '404'),
	(40, '127.0.0.1', 1, 'Ibeffaro', '2023-04-04 14:37:57', 'Mengakses http://localhost/agenx/welcome', 'GET', '', '200'),
	(41, '127.0.0.1', 1, 'Ibeffaro', '2023-04-04 14:37:57', 'Mengakses http://localhost/agenx/master', 'GET', '', '404'),
	(42, '127.0.0.1', 1, 'Ibeffaro', '2023-04-04 14:38:10', 'Mengakses http://localhost/agenx/welcome', 'GET', '', '200'),
	(43, '127.0.0.1', 1, 'Ibeffaro', '2023-04-04 14:38:11', 'Mengakses http://localhost/agenx/master', 'GET', '', '404'),
	(44, '127.0.0.1', 1, 'Ibeffaro', '2023-04-04 14:38:12', 'Mengakses http://localhost/agenx/welcome', 'GET', '', '200'),
	(45, '127.0.0.1', 1, 'Ibeffaro', '2023-04-04 14:38:12', 'Mengakses http://localhost/agenx/master', 'GET', '', '404'),
	(46, '127.0.0.1', 1, 'Ibeffaro', '2023-04-04 14:38:13', 'Mengakses http://localhost/agenx/welcome', 'GET', '', '200'),
	(47, '127.0.0.1', 1, 'Ibeffaro', '2023-04-04 14:38:13', 'Mengakses http://localhost/agenx/master', 'GET', '', '404'),
	(48, '127.0.0.1', 1, 'Ibeffaro', '2023-04-04 14:38:17', 'Mengakses http://localhost/agenx/settings', 'GET', '', '200'),
	(49, '127.0.0.1', 1, 'Ibeffaro', '2023-04-04 14:38:20', 'Mengakses http://localhost/agenx/settings/user-roles', 'GET', '', '200'),
	(50, '127.0.0.1', 1, 'Ibeffaro', '2023-04-04 14:38:20', 'Mengakses http://localhost/agenx/settings/user-roles/data', 'GET', 'a:3:{s:6:"select";a:3:{i:0;s:4:"nama";i:1;s:10:"keterangan";i:2;s:9:"is_active";}s:5:"limit";s:2:"25";s:4:"page";s:1:"0";}', '200'),
	(51, '127.0.0.1', 1, 'Ibeffaro', '2023-04-04 14:38:21', 'Mengakses http://localhost/agenx/settings/user-roles/get-data', 'GET', 'a:1:{s:2:"id";s:1:"1";}', '200'),
	(52, '127.0.0.1', 1, 'Ibeffaro', '2023-04-04 14:38:37', 'Mengakses http://localhost/agenx/development/menu', 'GET', '', '200'),
	(53, '127.0.0.1', 1, 'Ibeffaro', '2023-04-04 14:38:37', 'Mengakses http://localhost/agenx/development/menu/data', 'GET', '', '200'),
	(54, '127.0.0.1', 1, 'Ibeffaro', '2023-04-04 14:38:41', 'Mengakses http://localhost/agenx/development/menu/get-data', 'GET', 'a:1:{s:2:"id";s:2:"11";}', '200'),
	(55, '127.0.0.1', 1, 'Ibeffaro', '2023-04-04 14:38:50', 'Mengakses http://localhost/agenx/master', 'GET', '', '404'),
	(56, '127.0.0.1', 1, 'Ibeffaro', '2023-04-04 14:38:52', 'Mengakses http://localhost/agenx/development/menu', 'GET', '', '200'),
	(57, '127.0.0.1', 1, 'Ibeffaro', '2023-04-04 14:38:52', 'Mengakses http://localhost/agenx/development/menu/data', 'GET', '', '200'),
	(58, '127.0.0.1', 1, 'Ibeffaro', '2023-04-04 14:38:54', 'Mengakses http://localhost/agenx/welcome', 'GET', '', '200'),
	(59, '127.0.0.1', 1, 'Ibeffaro', '2023-04-04 14:38:54', 'Mengakses http://localhost/agenx/master', 'GET', '', '404'),
	(60, '127.0.0.1', 1, 'Ibeffaro', '2023-04-04 14:38:55', 'Mengakses http://localhost/agenx/welcome', 'GET', '', '200'),
	(61, '127.0.0.1', 1, 'Ibeffaro', '2023-04-04 14:38:55', 'Mengakses http://localhost/agenx/master', 'GET', '', '404'),
	(62, '127.0.0.1', 1, 'Ibeffaro', '2023-04-04 14:39:41', 'Mengakses http://localhost/agenx/master', 'GET', '', '404'),
	(63, '127.0.0.1', 1, 'Ibeffaro', '2023-04-04 14:39:46', 'Mengakses http://localhost/agenx/master', 'GET', '', '404'),
	(64, '127.0.0.1', 1, 'Ibeffaro', '2023-04-04 14:39:47', 'Mengakses http://localhost/agenx/welcome', 'GET', '', '200'),
	(65, '127.0.0.1', 1, 'Ibeffaro', '2023-04-04 14:40:27', 'Mengakses http://localhost/agenx/auth/logout', 'GET', '', '200'),
	(66, '127.0.0.1', 0, '', '2023-04-04 14:40:27', 'Mengakses http://localhost/agenx/auth/login', 'GET', '', '200'),
	(67, '127.0.0.1', 0, '', '2023-04-04 14:41:01', 'Mengakses http://localhost/agenx/auth/login', 'GET', '', '200'),
	(68, '127.0.0.1', 0, '', '2023-04-04 14:41:02', 'Mengakses http://localhost/agenx/auth/login', 'GET', '', '200'),
	(69, '127.0.0.1', 0, '', '2023-04-04 14:41:02', 'Mengakses http://localhost/agenx/auth/login', 'GET', '', '200'),
	(70, '127.0.0.1', 0, '', '2023-04-04 14:41:04', 'Mengakses http://localhost/agenx/auth/login', 'GET', '', '200'),
	(71, '127.0.0.1', 0, '', '2023-04-04 14:41:10', 'Mengakses http://localhost/agenx/auth/login', 'GET', '', '200'),
	(72, '127.0.0.1', 0, '', '2023-04-04 14:41:24', 'Mengakses http://localhost/agenx/auth/do-login', 'POST', 'a:2:{s:8:"username";s:8:"ibeffaro";s:8:"password";s:60:"$2y$09$nE1A1/16K3BTCPX..C7QluPkdyq.LpjF2sJN3.hvbHS.7sVkJi5Re";}', '200'),
	(73, '127.0.0.1', 1, 'Ibeffaro', '2023-04-04 14:41:24', 'Mengakses http://localhost/agenx/welcome', 'GET', '', '200'),
	(74, '127.0.0.1', 1, 'Ibeffaro', '2023-04-04 14:41:24', 'Mengakses http://localhost/agenx/master', 'GET', '', '404'),
	(75, '127.0.0.1', 1, 'Ibeffaro', '2023-04-04 14:41:27', 'Mengakses http://localhost/agenx/welcome', 'GET', '', '200'),
	(76, '127.0.0.1', 1, 'Ibeffaro', '2023-04-04 14:41:27', 'Mengakses http://localhost/agenx/master', 'GET', '', '404'),
	(77, '127.0.0.1', 1, 'Ibeffaro', '2023-04-04 14:42:48', 'Mengakses http://localhost/agenx/master', 'GET', '', '404'),
	(78, '127.0.0.1', 1, 'Ibeffaro', '2023-04-04 14:42:49', 'Mengakses http://localhost/agenx/master', 'GET', '', '404'),
	(79, '127.0.0.1', 1, 'Ibeffaro', '2023-04-04 14:42:49', 'Mengakses http://localhost/agenx/master', 'GET', '', '404'),
	(80, '127.0.0.1', 1, 'Ibeffaro', '2023-04-04 14:42:49', 'Mengakses http://localhost/agenx/master', 'GET', '', '404'),
	(81, '127.0.0.1', 1, 'Ibeffaro', '2023-04-04 14:42:50', 'Mengakses http://localhost/agenx/master', 'GET', '', '404'),
	(82, '127.0.0.1', 1, 'Ibeffaro', '2023-04-04 14:42:55', 'Mengakses http://localhost/agenx/auth/logout', 'GET', '', '200'),
	(83, '127.0.0.1', 0, '', '2023-04-04 14:42:55', 'Mengakses http://localhost/agenx/auth/login', 'GET', '', '200'),
	(84, '127.0.0.1', 0, '', '2023-04-04 14:42:58', 'Mengakses http://localhost/agenx/auth/login', 'GET', '', '200'),
	(85, '127.0.0.1', 0, '', '2023-04-04 14:42:59', 'Mengakses http://localhost/agenx/auth/login', 'GET', '', '200'),
	(86, '127.0.0.1', 0, '', '2023-04-04 14:47:20', 'Mengakses http://localhost/agenx/auth/login', 'GET', '', '200'),
	(87, '127.0.0.1', 0, '', '2023-04-04 14:47:58', 'Mengakses http://localhost/agenx/auth/login', 'GET', '', '200'),
	(88, '127.0.0.1', 0, '', '2023-04-04 14:48:35', 'Mengakses http://localhost/agenx/auth/login', 'GET', '', '200'),
	(89, '127.0.0.1', 0, '', '2023-04-04 14:50:18', 'Mengakses http://localhost/agenx/auth/login', 'GET', '', '200'),
	(90, '127.0.0.1', 0, '', '2023-04-04 14:52:06', 'Mengakses http://localhost/agenx/auth/login', 'GET', '', '200'),
	(91, '127.0.0.1', 0, '', '2023-04-04 14:56:10', 'Mengakses http://localhost/agenx/auth/login', 'GET', '', '200'),
	(92, '127.0.0.1', 0, '', '2023-04-04 14:57:30', 'Mengakses http://localhost/agenx/auth/logout', 'GET', '', '200'),
	(93, '127.0.0.1', 0, '', '2023-04-04 14:57:30', 'Mengakses http://localhost/agenx/auth/login', 'GET', '', '200'),
	(94, '127.0.0.1', 0, '', '2023-04-04 14:57:36', 'Mengakses http://localhost/agenx/auth/login', 'GET', '', '200'),
	(95, '127.0.0.1', 0, '', '2023-04-04 14:57:37', 'Mengakses http://localhost/agenx/auth/login', 'GET', '', '200'),
	(96, '127.0.0.1', 0, '', '2023-04-04 14:57:43', 'Mengakses http://localhost/agenx/auth/do-login', 'POST', 'a:2:{s:8:"username";s:8:"ibeffaro";s:8:"password";s:60:"$2y$09$bmgMWTvy4bdsmg6Dh6Rfse7AlAuwCO7J4v8Z68V54vJzZR0NVf126";}', '200'),
	(97, '127.0.0.1', 1, 'Ibeffaro', '2023-04-04 14:57:43', 'Mengakses http://localhost/agenx/welcome', 'GET', '', '200'),
	(98, '127.0.0.1', 1, 'Ibeffaro', '2023-04-04 14:57:43', 'Mengakses http://localhost/agenx/master', 'GET', '', '404'),
	(99, '127.0.0.1', 1, 'Ibeffaro', '2023-04-04 14:58:04', 'Mengakses http://localhost/agenx/master', 'GET', '', '404'),
	(100, '127.0.0.1', 1, 'Ibeffaro', '2023-04-04 14:58:12', 'Mengakses http://localhost/agenx/welcome', 'GET', '', '200'),
	(101, '127.0.0.1', 1, 'Ibeffaro', '2023-04-04 14:58:12', 'Mengakses http://localhost/agenx/master', 'GET', '', '404'),
	(102, '127.0.0.1', 1, 'Ibeffaro', '2023-04-04 14:59:49', 'Mengakses http://localhost/agenx/master', 'GET', '', '404'),
	(103, '127.0.0.1', 1, 'Ibeffaro', '2023-04-04 15:13:39', 'Mengakses http://localhost/agenx/welcome', 'GET', '', '200'),
	(104, '127.0.0.1', 1, 'Ibeffaro', '2023-04-04 15:13:39', 'Mengakses http://localhost/agenx/master', 'GET', '', '404'),
	(105, '127.0.0.1', 1, 'Ibeffaro', '2023-04-04 15:13:41', 'Mengakses http://localhost/agenx/welcome', 'GET', '', '200'),
	(106, '127.0.0.1', 1, 'Ibeffaro', '2023-04-04 15:13:41', 'Mengakses http://localhost/agenx/master', 'GET', '', '404'),
	(107, '127.0.0.1', 1, 'Ibeffaro', '2023-04-04 15:13:59', 'Mengakses http://localhost/agenx/welcome', 'GET', '', '200'),
	(108, '127.0.0.1', 1, 'Ibeffaro', '2023-04-04 15:13:59', 'Mengakses http://localhost/agenx/master', 'GET', '', '404'),
	(109, '127.0.0.1', 1, 'Ibeffaro', '2023-04-04 15:14:00', 'Mengakses http://localhost/agenx/welcome', 'GET', '', '200'),
	(110, '127.0.0.1', 1, 'Ibeffaro', '2023-04-04 15:14:00', 'Mengakses http://localhost/agenx/master', 'GET', '', '404'),
	(111, '127.0.0.1', 1, 'Ibeffaro', '2023-04-04 15:14:00', 'Mengakses http://localhost/agenx/welcome', 'GET', '', '200'),
	(112, '127.0.0.1', 1, 'Ibeffaro', '2023-04-04 15:14:01', 'Mengakses http://localhost/agenx/master', 'GET', '', '404'),
	(113, '127.0.0.1', 1, 'Ibeffaro', '2023-04-04 15:14:01', 'Mengakses http://localhost/agenx/master', 'GET', '', '404'),
	(114, '127.0.0.1', 1, 'Ibeffaro', '2023-04-04 15:14:12', 'Mengakses http://localhost/agenx/welcome', 'GET', '', '200'),
	(115, '127.0.0.1', 1, 'Ibeffaro', '2023-04-04 15:14:13', 'Mengakses http://localhost/agenx/master', 'GET', '', '404'),
	(116, '127.0.0.1', 1, 'Ibeffaro', '2023-04-04 15:14:17', 'Mengakses http://localhost/agenx/settings', 'GET', '', '200'),
	(117, '127.0.0.1', 1, 'Ibeffaro', '2023-04-04 15:14:18', 'Mengakses http://localhost/agenx/settings/application', 'GET', '', '200'),
	(118, '127.0.0.1', 1, 'Ibeffaro', '2023-04-04 15:15:54', 'Mengakses http://localhost/agenx/settings/application/save', 'POST', 'a:37:{s:5:"title";s:5:"Agenx";s:11:"description";s:1:"-";s:4:"logo";s:0:"";s:7:"favicon";s:0:"";s:23:"background_login_active";s:1:"1";s:16:"background_login";s:0:"";s:20:"custom_color_primary";s:1:"1";s:13:"color_primary";s:7:"#e50914";s:20:"header_color_primary";s:1:"1";s:9:"font_type";s:6:"roboto";s:9:"font_size";s:2:"12";s:13:"border_radius";s:1:"4";s:16:"fileupload_mimes";s:50:"jpg,jpeg,png,bmp,gif,pdf,xpdf,zip,xls,xlsx,csv,svg";s:17:"pos_account_notif";s:6:"header";s:17:"pos_action_button";s:4:"left";s:14:"pos_add_button";s:6:"header";s:13:"style_sidebar";s:10:"app-style3";s:18:"write_log_activity";s:1:"1";s:12:"company_name";s:8:"PT Agenx";s:15:"company_address";s:8:"Sukabumi";s:13:"company_email";s:14:"info@agenx.com";s:13:"company_phone";s:12:"089600001111";s:11:"company_fax";s:0:"";s:12:"company_logo";s:0:"";s:19:"password_min_length";s:1:"6";s:16:"expired_password";s:0:"";s:22:"history_password_limit";s:0:"";s:20:"wrong_password_limit";s:0:"";s:11:"smtp_active";s:1:"1";s:11:"smtp_server";s:23:"ssl://mail.sarikata.com";s:9:"smtp_port";s:3:"465";s:10:"smtp_email";s:18:"eproc@sarikata.com";s:13:"smtp_password";s:15:"munjalindra2019";s:16:"smtp_email_alias";s:21:"info@affiliate-ku.com";s:17:"smtp_sender_alias";s:20:"Affiliate-Ku Support";s:15:"strong_password";s:0:"";s:12:"single_login";s:0:"";}', '200'),
	(119, '127.0.0.1', 1, 'Ibeffaro', '2023-04-04 15:15:56', 'Mengakses http://localhost/agenx/settings/application', 'GET', '', '200'),
	(120, '127.0.0.1', 1, 'Ibeffaro', '2023-04-04 15:16:01', 'Mengakses http://localhost/agenx/auth/logout', 'GET', '', '200'),
	(121, '127.0.0.1', 0, '', '2023-04-04 15:16:01', 'Mengakses http://localhost/agenx/auth/login', 'GET', '', '200'),
	(122, '127.0.0.1', 0, '', '2023-04-04 15:16:03', 'Mengakses http://localhost/agenx/auth/login', 'GET', '', '200'),
	(123, '127.0.0.1', 0, '', '2023-04-04 15:16:14', 'Mengakses http://localhost/agenx/auth', 'GET', '', '200'),
	(124, '127.0.0.1', 0, '', '2023-04-04 15:16:14', 'Mengakses http://localhost/agenx/auth/login', 'GET', '', '200'),
	(125, '127.0.0.1', 0, '', '2023-04-04 15:16:47', 'Mengakses http://localhost/agenx/auth/login', 'GET', '', '200'),
	(126, '127.0.0.1', 0, '', '2023-04-04 15:19:00', 'Mengakses http://localhost/agenx/auth/do-login', 'POST', 'a:3:{s:4:"nama";s:2:"sd";s:13:"jenis_kelamin";s:4:"Pria";s:4:"telp";s:0:"";}', '200'),
	(127, '127.0.0.1', 0, '', '2023-04-04 15:45:29', 'Mengakses http://localhost/agenx/auth/login', 'GET', '', '200'),
	(128, '127.0.0.1', 0, '', '2023-04-04 15:45:40', 'Mengakses http://localhost/agenx/auth/do-login', 'POST', 'a:2:{s:8:"username";s:8:"ibeffaro";s:8:"password";s:60:"$2y$09$0VmcVIisLdq20AXcBVci9uEeMLLj2JUeVv5HUqGzO8ZFfH.HN6/Gm";}', '200'),
	(129, '127.0.0.1', 1, 'Ibeffaro', '2023-04-04 15:45:40', 'Mengakses http://localhost/agenx/welcome', 'GET', '', '200'),
	(130, '127.0.0.1', 1, 'Ibeffaro', '2023-04-04 15:45:46', 'Mengakses http://localhost/agenx/settings/application', 'GET', '', '200'),
	(131, '127.0.0.1', 1, 'Ibeffaro', '2023-04-04 15:45:49', 'Mengakses http://localhost/agenx/settings/user-lists', 'GET', '', '200'),
	(132, '127.0.0.1', 1, 'Ibeffaro', '2023-04-04 15:45:49', 'Mengakses http://localhost/agenx/settings/user-lists/data', 'GET', 'a:3:{s:6:"select";a:6:{i:0;s:4:"nama";i:1;s:5:"email";i:2;s:4:"foto";i:3;s:8:"username";i:4;s:8:"id_group";i:5;s:9:"is_active";}s:5:"limit";s:2:"25";s:4:"page";s:1:"0";}', '200'),
	(133, '127.0.0.1', 1, 'Ibeffaro', '2023-04-04 15:45:52', 'Mengakses http://localhost/agenx/settings/user-lists/get-data', 'GET', 'a:1:{s:2:"id";s:1:"2";}', '200'),
	(134, '127.0.0.1', 1, 'Ibeffaro', '2023-04-04 15:46:08', 'Mengakses http://localhost/agenx/settings/user-roles', 'GET', '', '200'),
	(135, '127.0.0.1', 1, 'Ibeffaro', '2023-04-04 15:46:09', 'Mengakses http://localhost/agenx/settings/user-roles/data', 'GET', 'a:3:{s:6:"select";a:3:{i:0;s:4:"nama";i:1;s:10:"keterangan";i:2;s:9:"is_active";}s:5:"limit";s:2:"25";s:4:"page";s:1:"0";}', '200'),
	(136, '127.0.0.1', 1, 'Ibeffaro', '2023-04-04 15:46:10', 'Mengakses http://localhost/agenx/settings/user-roles/get-data', 'GET', 'a:1:{s:2:"id";s:1:"2";}', '200'),
	(137, '127.0.0.1', 1, 'Ibeffaro', '2023-04-04 15:46:21', 'Mengakses http://localhost/agenx/settings/application', 'GET', '', '200'),
	(138, '127.0.0.1', 1, 'Ibeffaro', '2023-04-04 15:59:24', 'Mengakses http://localhost/agenx/auth/logout', 'GET', '', '200'),
	(139, '127.0.0.1', 0, '', '2023-04-04 15:59:24', 'Mengakses http://localhost/agenx/auth/login', 'GET', '', '200'),
	(140, '127.0.0.1', 0, '', '2023-04-04 15:59:27', 'Mengakses http://localhost/agenx/auth/do-login', 'POST', 'a:2:{s:8:"username";s:5:"admin";s:8:"password";s:60:"$2y$09$gkc7fsYp6pFgBWVAQOpmiOMqBuLVE8PRUagTkFw0sANF79VD1/ZGm";}', '200'),
	(141, '127.0.0.1', 0, '', '2023-04-04 15:59:33', 'Mengakses http://localhost/agenx/auth/login', 'GET', '', '200'),
	(142, '127.0.0.1', 0, '', '2023-04-04 15:59:35', 'Mengakses http://localhost/agenx/auth/do-login', 'POST', 'a:2:{s:8:"username";s:5:"admin";s:8:"password";s:60:"$2y$09$oUN5PhyCJLyvMpzjm8kx9eYH5UeK7Fdkmtwc/KOQuieTyz8INvN9i";}', '200'),
	(143, '127.0.0.1', 0, '', '2023-04-04 15:59:55', 'Mengakses http://localhost/agenx/auth/do-login', 'POST', 'a:2:{s:8:"username";s:8:"ibeffaro";s:8:"password";s:60:"$2y$09$rK34gvvFlr5M.0x4EecnbOjusRcW2neMLF9c0Z1t7QsOU64hJDg5S";}', '200'),
	(144, '127.0.0.1', 1, 'Ibeffaro', '2023-04-04 16:00:22', 'Mengakses http://localhost/agenx/welcome', 'GET', '', '200'),
	(145, '127.0.0.1', 1, 'Ibeffaro', '2023-04-04 16:00:24', 'Mengakses http://localhost/agenx/auth/logout', 'GET', '', '200'),
	(146, '127.0.0.1', 0, '', '2023-04-04 16:00:24', 'Mengakses http://localhost/agenx/auth/login', 'GET', '', '200'),
	(147, '127.0.0.1', 0, '', '2023-04-04 16:00:31', 'Mengakses http://localhost/agenx/auth/do-login', 'POST', 'a:2:{s:8:"username";s:8:"ibeffaro";s:8:"password";s:60:"$2y$09$9e8tuFuxjMcd8qhRT9.5o.5zS01aUIPJ6wTyk0h.q/PyyPK5DwKFi";}', '200'),
	(148, '127.0.0.1', 1, 'Ibeffaro', '2023-04-04 16:04:11', 'Mengakses http://localhost/agenx/welcome', 'GET', '', '200'),
	(149, '127.0.0.1', 1, 'Ibeffaro', '2023-04-04 16:04:14', 'Mengakses http://localhost/agenx/auth/logout', 'GET', '', '200'),
	(150, '127.0.0.1', 0, '', '2023-04-04 16:04:14', 'Mengakses http://localhost/agenx/auth/login', 'GET', '', '200'),
	(151, '127.0.0.1', 0, '', '2023-04-04 16:04:23', 'Mengakses http://localhost/agenx/auth/login', 'GET', '', '200'),
	(152, '127.0.0.1', 0, '', '2023-04-04 16:14:06', 'Mengakses http://localhost/agenx/auth/login', 'GET', '', '200'),
	(153, '127.0.0.1', 0, '', '2023-04-04 16:21:01', 'Mengakses http://localhost/agenx/auth/login', 'GET', '', '200'),
	(154, '127.0.0.1', 0, '', '2023-04-04 16:21:06', 'Mengakses http://localhost/agenx/auth/do-login', 'POST', 'a:2:{s:8:"username";s:8:"ibeffaro";s:8:"password";s:60:"$2y$09$9yaRin0GZv9yKIGDJOnl8OoLzz/ikYq1YtRUTdfARm.0YAmW/tvHm";}', '200'),
	(155, '127.0.0.1', 1, 'Ibeffaro', '2023-04-04 16:21:06', 'Mengakses http://localhost/agenx/welcome', 'GET', '', '200'),
	(156, '127.0.0.1', 1, 'Ibeffaro', '2023-04-04 16:21:10', 'Mengakses http://localhost/agenx/development/menu', 'GET', '', '200'),
	(157, '127.0.0.1', 1, 'Ibeffaro', '2023-04-04 16:21:10', 'Mengakses http://localhost/agenx/development/menu/data', 'GET', '', '200'),
	(158, '127.0.0.1', 1, 'Ibeffaro', '2023-04-04 16:21:18', 'Mengakses http://localhost/agenx/development/menu/get-data', 'GET', 'a:1:{s:2:"id";s:2:"11";}', '200'),
	(159, '127.0.0.1', 1, 'Ibeffaro', '2023-04-04 16:21:37', 'Mengakses http://localhost/agenx/development/menu/get-data', 'GET', 'a:1:{s:2:"id";s:2:"11";}', '200'),
	(160, '127.0.0.1', 1, 'Ibeffaro', '2023-04-04 16:22:12', 'Mengakses http://localhost/agenx/development/menu/save', 'POST', 'a:13:{s:2:"id";s:2:"11";s:4:"nama";s:10:"Data Order";s:9:"deskripsi";s:0:"";s:6:"target";s:10:"data_order";s:5:"_edit";s:1:"1";s:7:"_delete";s:1:"1";s:11:"_additional";s:0:"";s:3:"ref";s:0:"";s:4:"icon";s:11:"fa-database";s:6:"urutan";s:1:"1";s:9:"is_active";s:1:"1";s:6:"_input";s:0:"";s:9:"parent_id";s:0:"";}', '200'),
	(161, '127.0.0.1', 1, 'Ibeffaro', '2023-04-04 16:22:13', 'Mengakses http://localhost/agenx/development/menu/data', 'GET', '', '200'),
	(162, '127.0.0.1', 1, 'Ibeffaro', '2023-04-04 16:24:37', 'Mengakses http://localhost/agenx/development/menu/save', 'POST', 'a:13:{s:2:"id";s:0:"";s:9:"parent_id";s:0:"";s:4:"nama";s:8:"Check IN";s:9:"deskripsi";s:0:"";s:6:"target";s:7:"checkin";s:6:"_input";s:1:"1";s:11:"_additional";s:0:"";s:3:"ref";s:0:"";s:4:"icon";s:15:"fa-check-square";s:6:"urutan";s:1:"2";s:9:"is_active";s:1:"1";s:5:"_edit";s:0:"";s:7:"_delete";s:0:"";}', '200'),
	(163, '127.0.0.1', 1, 'Ibeffaro', '2023-04-04 16:24:38', 'Mengakses http://localhost/agenx/development/menu/data', 'GET', '', '200'),
	(164, '127.0.0.1', 1, 'Ibeffaro', '2023-04-04 16:24:41', 'Mengakses http://localhost/agenx/settings/user-roles', 'GET', '', '200'),
	(165, '127.0.0.1', 1, 'Ibeffaro', '2023-04-04 16:24:42', 'Mengakses http://localhost/agenx/settings/user-roles/data', 'GET', 'a:3:{s:6:"select";a:3:{i:0;s:4:"nama";i:1;s:10:"keterangan";i:2;s:9:"is_active";}s:5:"limit";s:2:"25";s:4:"page";s:1:"0";}', '200'),
	(166, '127.0.0.1', 1, 'Ibeffaro', '2023-04-04 16:24:43', 'Mengakses http://localhost/agenx/settings/user-roles/get-data', 'GET', 'a:1:{s:2:"id";s:1:"1";}', '200'),
	(167, '127.0.0.1', 1, 'Ibeffaro', '2023-04-04 16:24:59', 'Mengakses http://localhost/agenx/settings/user-lists', 'GET', '', '200'),
	(168, '127.0.0.1', 1, 'Ibeffaro', '2023-04-04 16:24:59', 'Mengakses http://localhost/agenx/settings/user-lists/data', 'GET', 'a:3:{s:6:"select";a:6:{i:0;s:4:"nama";i:1;s:5:"email";i:2;s:4:"foto";i:3;s:8:"username";i:4;s:8:"id_group";i:5;s:9:"is_active";}s:5:"limit";s:2:"25";s:4:"page";s:1:"0";}', '200'),
	(169, '127.0.0.1', 1, 'Ibeffaro', '2023-04-04 16:25:00', 'Mengakses http://localhost/agenx/settings/user-roles', 'GET', '', '200'),
	(170, '127.0.0.1', 1, 'Ibeffaro', '2023-04-04 16:25:01', 'Mengakses http://localhost/agenx/settings/user-roles/data', 'GET', 'a:3:{s:6:"select";a:3:{i:0;s:4:"nama";i:1;s:10:"keterangan";i:2;s:9:"is_active";}s:5:"limit";s:2:"25";s:4:"page";s:1:"0";}', '200'),
	(171, '127.0.0.1', 1, 'Ibeffaro', '2023-04-04 16:25:03', 'Mengakses http://localhost/agenx/development/menu', 'GET', '', '200'),
	(172, '127.0.0.1', 1, 'Ibeffaro', '2023-04-04 16:25:03', 'Mengakses http://localhost/agenx/development/menu/data', 'GET', '', '200'),
	(173, '127.0.0.1', 1, 'Ibeffaro', '2023-04-04 16:25:05', 'Mengakses http://localhost/agenx/development/menu/get-data', 'GET', 'a:1:{s:2:"id";s:2:"12";}', '200'),
	(174, '127.0.0.1', 1, 'Ibeffaro', '2023-04-04 16:25:14', 'Mengakses http://localhost/agenx/development/menu/save', 'POST', 'a:13:{s:2:"id";s:2:"12";s:4:"nama";s:8:"Check In";s:9:"deskripsi";s:0:"";s:6:"target";s:7:"checkin";s:6:"_input";s:1:"1";s:11:"_additional";s:0:"";s:3:"ref";s:0:"";s:4:"icon";s:15:"fa-check-square";s:6:"urutan";s:1:"2";s:9:"is_active";s:1:"1";s:5:"_edit";s:0:"";s:7:"_delete";s:0:"";s:9:"parent_id";s:0:"";}', '200'),
	(175, '127.0.0.1', 1, 'Ibeffaro', '2023-04-04 16:25:15', 'Mengakses http://localhost/agenx/development/menu/data', 'GET', '', '200'),
	(176, '127.0.0.1', 1, 'Ibeffaro', '2023-04-04 16:25:18', 'Mengakses http://localhost/agenx/development/menu/get-data', 'GET', 'a:1:{s:2:"id";s:2:"11";}', '200'),
	(177, '127.0.0.1', 1, 'Ibeffaro', '2023-04-04 16:25:24', 'Mengakses http://localhost/agenx/development/menu/save', 'POST', 'a:13:{s:2:"id";s:2:"11";s:4:"nama";s:10:"Data Order";s:9:"deskripsi";s:0:"";s:6:"target";s:10:"data-order";s:5:"_edit";s:1:"1";s:7:"_delete";s:1:"1";s:11:"_additional";s:0:"";s:3:"ref";s:0:"";s:4:"icon";s:11:"fa-database";s:6:"urutan";s:1:"1";s:9:"is_active";s:1:"1";s:6:"_input";s:0:"";s:9:"parent_id";s:0:"";}', '200'),
	(178, '127.0.0.1', 1, 'Ibeffaro', '2023-04-04 16:25:25', 'Mengakses http://localhost/agenx/development/menu/data', 'GET', '', '200'),
	(179, '127.0.0.1', 1, 'Ibeffaro', '2023-04-04 16:25:30', 'Mengakses http://localhost/agenx/settings/user-roles', 'GET', '', '200'),
	(180, '127.0.0.1', 1, 'Ibeffaro', '2023-04-04 16:25:30', 'Mengakses http://localhost/agenx/settings/user-roles/data', 'GET', 'a:3:{s:6:"select";a:3:{i:0;s:4:"nama";i:1;s:10:"keterangan";i:2;s:9:"is_active";}s:5:"limit";s:2:"25";s:4:"page";s:1:"0";}', '200'),
	(181, '127.0.0.1', 1, 'Ibeffaro', '2023-04-04 16:25:31', 'Mengakses http://localhost/agenx/settings/user-roles/get-data', 'GET', 'a:1:{s:2:"id";s:1:"1";}', '200'),
	(182, '127.0.0.1', 1, 'Ibeffaro', '2023-04-04 16:25:51', 'Mengakses http://localhost/agenx/settings/user-lists', 'GET', '', '200'),
	(183, '127.0.0.1', 1, 'Ibeffaro', '2023-04-04 16:25:52', 'Mengakses http://localhost/agenx/settings/user-lists/data', 'GET', 'a:3:{s:6:"select";a:6:{i:0;s:4:"nama";i:1;s:5:"email";i:2;s:4:"foto";i:3;s:8:"username";i:4;s:8:"id_group";i:5;s:9:"is_active";}s:5:"limit";s:2:"25";s:4:"page";s:1:"0";}', '200'),
	(184, '127.0.0.1', 1, 'Ibeffaro', '2023-04-04 16:25:53', 'Mengakses http://localhost/agenx/settings/user-lists/get-data', 'GET', 'a:1:{s:2:"id";s:1:"1";}', '200'),
	(185, '127.0.0.1', 1, 'Ibeffaro', '2023-04-04 16:25:56', 'Mengakses http://localhost/agenx/settings/user-lists/save', 'POST', 'a:8:{s:2:"id";s:1:"1";s:4:"foto";s:0:"";s:4:"nama";s:8:"Ibeffaro";s:5:"email";s:28:"febrihardiansastra@gmail.com";s:7:"telepon";s:12:"085899991774";s:8:"id_group";s:1:"1";s:8:"username";s:8:"ibeffaro";s:9:"is_active";s:1:"1";}', '200'),
	(186, '127.0.0.1', 1, 'Ibeffaro', '2023-04-04 16:25:57', 'Mengakses http://localhost/agenx/settings/user-lists/data', 'GET', 'a:3:{s:6:"select";a:6:{i:0;s:4:"nama";i:1;s:5:"email";i:2;s:4:"foto";i:3;s:8:"username";i:4;s:8:"id_group";i:5;s:9:"is_active";}s:5:"limit";s:2:"25";s:4:"page";s:1:"1";}', '200'),
	(187, '127.0.0.1', 1, 'Ibeffaro', '2023-04-04 16:25:58', 'Mengakses http://localhost/agenx/settings/user-lists/get-data', 'GET', 'a:1:{s:2:"id";s:1:"2";}', '200'),
	(188, '127.0.0.1', 1, 'Ibeffaro', '2023-04-04 16:26:01', 'Mengakses http://localhost/agenx/settings/user-lists/save', 'POST', 'a:8:{s:2:"id";s:1:"2";s:4:"foto";s:0:"";s:4:"nama";s:11:"Super Admin";s:5:"email";s:18:"ibeffaro@gmail.com";s:7:"telepon";s:12:"098609892700";s:8:"id_group";s:1:"2";s:8:"username";s:10:"superadmin";s:9:"is_active";s:1:"1";}', '200'),
	(189, '127.0.0.1', 1, 'Ibeffaro', '2023-04-04 16:26:02', 'Mengakses http://localhost/agenx/settings/user-lists/data', 'GET', 'a:3:{s:6:"select";a:6:{i:0;s:4:"nama";i:1;s:5:"email";i:2;s:4:"foto";i:3;s:8:"username";i:4;s:8:"id_group";i:5;s:9:"is_active";}s:5:"limit";s:2:"25";s:4:"page";s:1:"1";}', '200'),
	(190, '127.0.0.1', 1, 'Ibeffaro', '2023-04-04 16:26:03', 'Mengakses http://localhost/agenx/settings/user-lists/get-data', 'GET', 'a:1:{s:2:"id";s:1:"1";}', '200'),
	(191, '127.0.0.1', 1, 'Ibeffaro', '2023-04-04 16:26:06', 'Mengakses http://localhost/agenx/settings/user-roles', 'GET', '', '200'),
	(192, '127.0.0.1', 1, 'Ibeffaro', '2023-04-04 16:26:06', 'Mengakses http://localhost/agenx/settings/user-roles/data', 'GET', 'a:3:{s:6:"select";a:3:{i:0;s:4:"nama";i:1;s:10:"keterangan";i:2;s:9:"is_active";}s:5:"limit";s:2:"25";s:4:"page";s:1:"0";}', '200'),
	(193, '127.0.0.1', 1, 'Ibeffaro', '2023-04-04 16:26:08', 'Mengakses http://localhost/agenx/settings/user-roles/get-data', 'GET', 'a:1:{s:2:"id";s:1:"1";}', '200'),
	(194, '127.0.0.1', 1, 'Ibeffaro', '2023-04-04 16:30:49', 'Mengakses http://localhost/agenx/settings/user-roles/get-data', 'GET', 'a:1:{s:2:"id";s:1:"2";}', '200'),
	(195, '127.0.0.1', 1, 'Ibeffaro', '2023-04-04 16:30:54', 'Mengakses http://localhost/agenx/settings/user-roles', 'GET', '', '200'),
	(196, '127.0.0.1', 1, 'Ibeffaro', '2023-04-04 16:30:54', 'Mengakses http://localhost/agenx/settings/user-roles/data', 'GET', 'a:3:{s:6:"select";a:3:{i:0;s:4:"nama";i:1;s:10:"keterangan";i:2;s:9:"is_active";}s:5:"limit";s:2:"25";s:4:"page";s:1:"0";}', '200'),
	(197, '127.0.0.1', 1, 'Ibeffaro', '2023-04-04 16:30:55', 'Mengakses http://localhost/agenx/settings/user-roles', 'GET', '', '200'),
	(198, '127.0.0.1', 1, 'Ibeffaro', '2023-04-04 16:30:55', 'Mengakses http://localhost/agenx/settings/user-roles/data', 'GET', 'a:3:{s:6:"select";a:3:{i:0;s:4:"nama";i:1;s:10:"keterangan";i:2;s:9:"is_active";}s:5:"limit";s:2:"25";s:4:"page";s:1:"0";}', '200'),
	(199, '127.0.0.1', 1, 'Ibeffaro', '2023-04-04 16:30:56', 'Mengakses http://localhost/agenx/settings/user-roles/get-data', 'GET', 'a:1:{s:2:"id";s:1:"1";}', '200'),
	(200, '127.0.0.1', 1, 'Ibeffaro', '2023-04-04 16:32:05', 'Mengakses http://localhost/agenx/settings/user-roles', 'GET', '', '200'),
	(201, '127.0.0.1', 1, 'Ibeffaro', '2023-04-04 16:32:05', 'Mengakses http://localhost/agenx/settings/user-roles/data', 'GET', 'a:3:{s:6:"select";a:3:{i:0;s:4:"nama";i:1;s:10:"keterangan";i:2;s:9:"is_active";}s:5:"limit";s:2:"25";s:4:"page";s:1:"0";}', '200'),
	(202, '127.0.0.1', 1, 'Ibeffaro', '2023-04-04 16:32:07', 'Mengakses http://localhost/agenx/settings/user-roles/get-data', 'GET', 'a:1:{s:2:"id";s:1:"1";}', '200'),
	(203, '127.0.0.1', 1, 'Ibeffaro', '2023-04-04 16:32:11', 'Mengakses http://localhost/agenx/settings/user-roles', 'GET', '', '200'),
	(204, '127.0.0.1', 1, 'Ibeffaro', '2023-04-04 16:32:11', 'Mengakses http://localhost/agenx/settings/user-roles/data', 'GET', 'a:3:{s:6:"select";a:3:{i:0;s:4:"nama";i:1;s:10:"keterangan";i:2;s:9:"is_active";}s:5:"limit";s:2:"25";s:4:"page";s:1:"0";}', '200'),
	(205, '127.0.0.1', 1, 'Ibeffaro', '2023-04-04 16:32:12', 'Mengakses http://localhost/agenx/settings/user-roles/get-data', 'GET', 'a:1:{s:2:"id";s:1:"1";}', '200'),
	(206, '127.0.0.1', 1, 'Ibeffaro', '2023-04-04 16:32:34', 'Mengakses http://localhost/agenx/settings/application', 'GET', '', '200'),
	(207, '127.0.0.1', 1, 'Ibeffaro', '2023-04-04 16:32:53', 'Mengakses http://localhost/agenx/settings/application', 'GET', '', '200'),
	(208, '127.0.0.1', 1, 'Ibeffaro', '2023-04-04 16:33:18', 'Mengakses http://localhost/agenx/settings/application', 'GET', '', '200'),
	(209, '127.0.0.1', 1, 'Ibeffaro', '2023-04-04 16:33:32', 'Mengakses http://localhost/agenx/development/manajemen-database', 'GET', '', '200'),
	(210, '127.0.0.1', 1, 'Ibeffaro', '2023-04-04 16:34:36', 'Mengakses http://localhost/agenx/development/manajemen-database', 'GET', '', '200'),
	(211, '127.0.0.1', 1, 'Ibeffaro', '2023-04-04 16:34:39', 'Mengakses http://localhost/agenx/settings/information', 'GET', '', '200'),
	(212, '127.0.0.1', 1, 'Ibeffaro', '2023-04-04 16:34:39', 'Mengakses http://localhost/agenx/settings/information/data', 'GET', 'a:3:{s:6:"select";a:4:{i:0;s:9:"informasi";i:1;s:13:"tanggal_mulai";i:2;s:15:"tanggal_selesai";i:3;s:8:"id_group";}s:5:"limit";s:2:"25";s:4:"page";s:1:"0";}', '200'),
	(213, '127.0.0.1', 1, 'Ibeffaro', '2023-04-04 16:34:47', 'Mengakses http://localhost/agenx/development/manajemen-database', 'GET', '', '200'),
	(214, '127.0.0.1', 1, 'Ibeffaro', '2023-04-04 16:34:48', 'Mengakses http://localhost/agenx/development/menu', 'GET', '', '200'),
	(215, '127.0.0.1', 1, 'Ibeffaro', '2023-04-04 16:34:49', 'Mengakses http://localhost/agenx/development/menu/data', 'GET', '', '200'),
	(216, '127.0.0.1', 1, 'Ibeffaro', '2023-04-04 16:35:11', 'Mengakses http://localhost/agenx/development/menu', 'GET', '', '200'),
	(217, '127.0.0.1', 1, 'Ibeffaro', '2023-04-04 16:35:12', 'Mengakses http://localhost/agenx/development/menu/data', 'GET', '', '200'),
	(218, '127.0.0.1', 1, 'Ibeffaro', '2023-04-04 16:35:14', 'Mengakses http://localhost/agenx/data-order', 'GET', '', '404'),
	(219, '127.0.0.1', 1, 'Ibeffaro', '2023-04-04 16:35:16', 'Mengakses http://localhost/agenx/development/menu', 'GET', '', '200'),
	(220, '127.0.0.1', 1, 'Ibeffaro', '2023-04-04 16:35:16', 'Mengakses http://localhost/agenx/development/menu/data', 'GET', '', '200'),
	(221, '127.0.0.1', 1, 'Ibeffaro', '2023-04-04 16:35:19', 'Mengakses http://localhost/agenx/settings/user-roles', 'GET', '', '200'),
	(222, '127.0.0.1', 1, 'Ibeffaro', '2023-04-04 16:35:20', 'Mengakses http://localhost/agenx/settings/user-roles/data', 'GET', 'a:3:{s:6:"select";a:3:{i:0;s:4:"nama";i:1;s:10:"keterangan";i:2;s:9:"is_active";}s:5:"limit";s:2:"25";s:4:"page";s:1:"0";}', '200'),
	(223, '127.0.0.1', 1, 'Ibeffaro', '2023-04-04 16:35:22', 'Mengakses http://localhost/agenx/settings/user-roles/get-data', 'GET', 'a:1:{s:2:"id";s:1:"1";}', '200'),
	(224, '127.0.0.1', 1, 'Ibeffaro', '2023-04-04 16:35:41', 'Mengakses http://localhost/agenx/data-order', 'GET', '', '404'),
	(225, '127.0.0.1', 1, 'Ibeffaro', '2023-04-04 16:35:43', 'Mengakses http://localhost/agenx/settings/user-roles', 'GET', '', '200'),
	(226, '127.0.0.1', 1, 'Ibeffaro', '2023-04-04 16:35:43', 'Mengakses http://localhost/agenx/settings/user-roles/data', 'GET', 'a:3:{s:6:"select";a:3:{i:0;s:4:"nama";i:1;s:10:"keterangan";i:2;s:9:"is_active";}s:5:"limit";s:2:"25";s:4:"page";s:1:"0";}', '200'),
	(227, '127.0.0.1', 1, 'Ibeffaro', '2023-04-04 16:36:09', 'Mengakses http://localhost/agenx/settings/user-roles', 'GET', '', '200'),
	(228, '127.0.0.1', 1, 'Ibeffaro', '2023-04-04 16:36:09', 'Mengakses http://localhost/agenx/settings/user-roles/data', 'GET', 'a:3:{s:6:"select";a:3:{i:0;s:4:"nama";i:1;s:10:"keterangan";i:2;s:9:"is_active";}s:5:"limit";s:2:"25";s:4:"page";s:1:"0";}', '200'),
	(229, '127.0.0.1', 1, 'Ibeffaro', '2023-04-04 16:36:10', 'Mengakses http://localhost/agenx/checkin', 'GET', '', '404'),
	(230, '127.0.0.1', 1, 'Ibeffaro', '2023-04-04 16:36:11', 'Mengakses http://localhost/agenx/settings/user-roles', 'GET', '', '200'),
	(231, '127.0.0.1', 1, 'Ibeffaro', '2023-04-04 16:36:12', 'Mengakses http://localhost/agenx/settings/user-roles/data', 'GET', 'a:3:{s:6:"select";a:3:{i:0;s:4:"nama";i:1;s:10:"keterangan";i:2;s:9:"is_active";}s:5:"limit";s:2:"25";s:4:"page";s:1:"0";}', '200'),
	(232, '127.0.0.1', 1, 'Ibeffaro', '2023-04-04 16:36:13', 'Mengakses http://localhost/agenx/data-order', 'GET', '', '404'),
	(233, '127.0.0.1', 1, 'Ibeffaro', '2023-04-04 16:39:51', 'Mengakses http://localhost/agenx/data-order', 'GET', '', '200'),
	(234, '127.0.0.1', 1, 'Ibeffaro', '2023-04-04 16:39:52', 'Mengakses http://localhost/agenx/data-order', 'GET', '', '200'),
	(235, '127.0.0.1', 1, 'Ibeffaro', '2023-04-04 16:39:52', 'Mengakses http://localhost/agenx/master/category/data', 'GET', 'a:3:{s:6:"select";a:5:{i:0;s:6:"gambar";i:1;s:4:"nama";i:2;s:11:"campaign_id";i:3;s:8:"link_aff";i:4;s:9:"is_active";}s:5:"limit";s:2:"25";s:4:"page";s:1:"0";}', '404'),
	(236, '127.0.0.1', 1, 'Ibeffaro', '2023-04-04 16:39:52', 'Mengakses http://localhost/agenx/data-order', 'GET', '', '200'),
	(237, '127.0.0.1', 1, 'Ibeffaro', '2023-04-04 16:39:52', 'Mengakses http://localhost/agenx/master/category/data', 'GET', 'a:3:{s:6:"select";a:5:{i:0;s:6:"gambar";i:1;s:4:"nama";i:2;s:11:"campaign_id";i:3;s:8:"link_aff";i:4;s:9:"is_active";}s:5:"limit";s:2:"25";s:4:"page";s:1:"0";}', '404'),
	(238, '127.0.0.1', 1, 'Ibeffaro', '2023-04-04 16:39:52', 'Mengakses http://localhost/agenx/data-order', 'GET', '', '200'),
	(239, '127.0.0.1', 1, 'Ibeffaro', '2023-04-04 16:39:52', 'Mengakses http://localhost/agenx/master/category/data', 'GET', 'a:3:{s:6:"select";a:5:{i:0;s:6:"gambar";i:1;s:4:"nama";i:2;s:11:"campaign_id";i:3;s:8:"link_aff";i:4;s:9:"is_active";}s:5:"limit";s:2:"25";s:4:"page";s:1:"0";}', '404'),
	(240, '127.0.0.1', 1, 'Ibeffaro', '2023-04-04 16:39:52', 'Mengakses http://localhost/agenx/data-order', 'GET', '', '200'),
	(241, '127.0.0.1', 1, 'Ibeffaro', '2023-04-04 16:39:53', 'Mengakses http://localhost/agenx/master/category/data', 'GET', 'a:3:{s:6:"select";a:5:{i:0;s:6:"gambar";i:1;s:4:"nama";i:2;s:11:"campaign_id";i:3;s:8:"link_aff";i:4;s:9:"is_active";}s:5:"limit";s:2:"25";s:4:"page";s:1:"0";}', '404'),
	(242, '127.0.0.1', 1, 'Ibeffaro', '2023-04-04 16:39:53', 'Mengakses http://localhost/agenx/data-order', 'GET', '', '200'),
	(243, '127.0.0.1', 1, 'Ibeffaro', '2023-04-04 16:39:53', 'Mengakses http://localhost/agenx/master/category/data', 'GET', 'a:3:{s:6:"select";a:5:{i:0;s:6:"gambar";i:1;s:4:"nama";i:2;s:11:"campaign_id";i:3;s:8:"link_aff";i:4;s:9:"is_active";}s:5:"limit";s:2:"25";s:4:"page";s:1:"0";}', '404'),
	(244, '127.0.0.1', 1, 'Ibeffaro', '2023-04-04 16:39:53', 'Mengakses http://localhost/agenx/data-order', 'GET', '', '200'),
	(245, '127.0.0.1', 1, 'Ibeffaro', '2023-04-04 16:39:53', 'Mengakses http://localhost/agenx/master/category/data', 'GET', 'a:3:{s:6:"select";a:5:{i:0;s:6:"gambar";i:1;s:4:"nama";i:2;s:11:"campaign_id";i:3;s:8:"link_aff";i:4;s:9:"is_active";}s:5:"limit";s:2:"25";s:4:"page";s:1:"0";}', '404'),
	(246, '127.0.0.1', 1, 'Ibeffaro', '2023-04-04 16:39:53', 'Mengakses http://localhost/agenx/data-order', 'GET', '', '200'),
	(247, '127.0.0.1', 1, 'Ibeffaro', '2023-04-04 16:39:53', 'Mengakses http://localhost/agenx/master/category/data', 'GET', 'a:3:{s:6:"select";a:5:{i:0;s:6:"gambar";i:1;s:4:"nama";i:2;s:11:"campaign_id";i:3;s:8:"link_aff";i:4;s:9:"is_active";}s:5:"limit";s:2:"25";s:4:"page";s:1:"0";}', '404'),
	(248, '127.0.0.1', 1, 'Ibeffaro', '2023-04-04 16:39:54', 'Mengakses http://localhost/agenx/data-order', 'GET', '', '200'),
	(249, '127.0.0.1', 1, 'Ibeffaro', '2023-04-04 16:39:54', 'Mengakses http://localhost/agenx/master/category/data', 'GET', 'a:3:{s:6:"select";a:5:{i:0;s:6:"gambar";i:1;s:4:"nama";i:2;s:11:"campaign_id";i:3;s:8:"link_aff";i:4;s:9:"is_active";}s:5:"limit";s:2:"25";s:4:"page";s:1:"0";}', '404'),
	(250, '127.0.0.1', 1, 'Ibeffaro', '2023-04-04 16:39:54', 'Mengakses http://localhost/agenx/data-order', 'GET', '', '200'),
	(251, '127.0.0.1', 1, 'Ibeffaro', '2023-04-04 16:39:54', 'Mengakses http://localhost/agenx/master/category/data', 'GET', 'a:3:{s:6:"select";a:5:{i:0;s:6:"gambar";i:1;s:4:"nama";i:2;s:11:"campaign_id";i:3;s:8:"link_aff";i:4;s:9:"is_active";}s:5:"limit";s:2:"25";s:4:"page";s:1:"0";}', '404'),
	(252, '127.0.0.1', 1, 'Ibeffaro', '2023-04-04 16:39:57', 'Mengakses http://localhost/agenx/data-order', 'GET', '', '200'),
	(253, '127.0.0.1', 1, 'Ibeffaro', '2023-04-04 16:39:59', 'Mengakses http://localhost/agenx/data-order', 'GET', '', '200'),
	(254, '127.0.0.1', 1, 'Ibeffaro', '2023-04-04 16:40:02', 'Mengakses http://localhost/agenx/data-order', 'GET', '', '200'),
	(255, '127.0.0.1', 1, 'Ibeffaro', '2023-04-04 16:40:04', 'Mengakses http://localhost/agenx/data-order', 'GET', '', '200'),
	(256, '127.0.0.1', 1, 'Ibeffaro', '2023-04-04 16:40:07', 'Mengakses http://localhost/agenx/data-order', 'GET', '', '200'),
	(257, '127.0.0.1', 1, 'Ibeffaro', '2023-04-04 16:40:10', 'Mengakses http://localhost/agenx/data-order', 'GET', '', '200'),
	(258, '127.0.0.1', 1, 'Ibeffaro', '2023-04-04 16:40:12', 'Mengakses http://localhost/agenx/data-order', 'GET', '', '200'),
	(259, '127.0.0.1', 1, 'Ibeffaro', '2023-04-04 16:40:15', 'Mengakses http://localhost/agenx/data-order', 'GET', '', '200'),
	(260, '127.0.0.1', 1, 'Ibeffaro', '2023-04-04 16:40:18', 'Mengakses http://localhost/agenx/data-order', 'GET', '', '200'),
	(261, '127.0.0.1', 1, 'Ibeffaro', '2023-04-04 16:40:20', 'Mengakses http://localhost/agenx/data-order', 'GET', '', '200'),
	(262, '127.0.0.1', 1, 'Ibeffaro', '2023-04-04 16:40:23', 'Mengakses http://localhost/agenx/data-order', 'GET', '', '200'),
	(263, '127.0.0.1', 1, 'Ibeffaro', '2023-04-04 16:40:25', 'Mengakses http://localhost/agenx/data-order', 'GET', '', '200'),
	(264, '127.0.0.1', 1, 'Ibeffaro', '2023-04-04 16:40:28', 'Mengakses http://localhost/agenx/data-order', 'GET', '', '200'),
	(265, '127.0.0.1', 1, 'Ibeffaro', '2023-04-04 16:40:31', 'Mengakses http://localhost/agenx/data-order', 'GET', '', '200'),
	(266, '127.0.0.1', 1, 'Ibeffaro', '2023-04-04 16:40:33', 'Mengakses http://localhost/agenx/data-order', 'GET', '', '200'),
	(267, '127.0.0.1', 1, 'Ibeffaro', '2023-04-04 16:40:36', 'Mengakses http://localhost/agenx/data-order', 'GET', '', '200'),
	(268, '127.0.0.1', 1, 'Ibeffaro', '2023-04-04 16:40:39', 'Mengakses http://localhost/agenx/data-order', 'GET', '', '200'),
	(269, '127.0.0.1', 1, 'Ibeffaro', '2023-04-04 16:40:41', 'Mengakses http://localhost/agenx/data-order', 'GET', '', '200'),
	(270, '127.0.0.1', 1, 'Ibeffaro', '2023-04-04 16:40:44', 'Mengakses http://localhost/agenx/data-order', 'GET', '', '200'),
	(271, '127.0.0.1', 1, 'Ibeffaro', '2023-04-04 16:40:46', 'Mengakses http://localhost/agenx/data-order', 'GET', '', '200'),
	(272, '127.0.0.1', 1, 'Ibeffaro', '2023-04-04 16:40:49', 'Mengakses http://localhost/agenx/data-order', 'GET', '', '200'),
	(273, '127.0.0.1', 1, 'Ibeffaro', '2023-04-04 16:40:52', 'Mengakses http://localhost/agenx/data-order', 'GET', '', '200'),
	(274, '127.0.0.1', 1, 'Ibeffaro', '2023-04-04 16:40:54', 'Mengakses http://localhost/agenx/data-order', 'GET', '', '200'),
	(275, '127.0.0.1', 1, 'Ibeffaro', '2023-04-04 16:40:57', 'Mengakses http://localhost/agenx/data-order', 'GET', '', '200'),
	(276, '127.0.0.1', 1, 'Ibeffaro', '2023-04-04 16:41:00', 'Mengakses http://localhost/agenx/data-order', 'GET', '', '200'),
	(277, '127.0.0.1', 1, 'Ibeffaro', '2023-04-04 16:41:02', 'Mengakses http://localhost/agenx/data-order', 'GET', '', '200'),
	(278, '127.0.0.1', 1, 'Ibeffaro', '2023-04-04 16:41:05', 'Mengakses http://localhost/agenx/data-order', 'GET', '', '200'),
	(279, '127.0.0.1', 1, 'Ibeffaro', '2023-04-04 16:41:07', 'Mengakses http://localhost/agenx/data-order', 'GET', '', '200'),
	(280, '127.0.0.1', 1, 'Ibeffaro', '2023-04-04 16:41:10', 'Mengakses http://localhost/agenx/data-order', 'GET', '', '200'),
	(281, '127.0.0.1', 1, 'Ibeffaro', '2023-04-04 16:41:12', 'Mengakses http://localhost/agenx/data-order', 'GET', '', '200'),
	(282, '127.0.0.1', 1, 'Ibeffaro', '2023-04-04 16:41:15', 'Mengakses http://localhost/agenx/data-order', 'GET', '', '200'),
	(283, '127.0.0.1', 1, 'Ibeffaro', '2023-04-04 16:41:17', 'Mengakses http://localhost/agenx/data-order', 'GET', '', '200'),
	(284, '127.0.0.1', 1, 'Ibeffaro', '2023-04-04 16:41:20', 'Mengakses http://localhost/agenx/data-order', 'GET', '', '200'),
	(285, '127.0.0.1', 1, 'Ibeffaro', '2023-04-04 16:41:23', 'Mengakses http://localhost/agenx/data-order', 'GET', '', '200'),
	(286, '127.0.0.1', 1, 'Ibeffaro', '2023-04-04 16:41:25', 'Mengakses http://localhost/agenx/data-order', 'GET', '', '200'),
	(287, '127.0.0.1', 1, 'Ibeffaro', '2023-04-04 16:41:29', 'Mengakses http://localhost/agenx/data-order', 'GET', '', '200'),
	(288, '127.0.0.1', 1, 'Ibeffaro', '2023-04-04 16:41:32', 'Mengakses http://localhost/agenx/data-order', 'GET', '', '200'),
	(289, '127.0.0.1', 1, 'Ibeffaro', '2023-04-04 16:41:34', 'Mengakses http://localhost/agenx/data-order', 'GET', '', '200'),
	(290, '127.0.0.1', 1, 'Ibeffaro', '2023-04-04 16:41:38', 'Mengakses http://localhost/agenx/data-order', 'GET', '', '200'),
	(291, '127.0.0.1', 1, 'Ibeffaro', '2023-04-04 16:41:40', 'Mengakses http://localhost/agenx/data-order', 'GET', '', '200'),
	(292, '127.0.0.1', 1, 'Ibeffaro', '2023-04-04 16:41:43', 'Mengakses http://localhost/agenx/data-order', 'GET', '', '200'),
	(293, '127.0.0.1', 1, 'Ibeffaro', '2023-04-04 16:41:45', 'Mengakses http://localhost/agenx/data-order', 'GET', '', '200'),
	(294, '127.0.0.1', 1, 'Ibeffaro', '2023-04-04 16:41:48', 'Mengakses http://localhost/agenx/data-order', 'GET', '', '200'),
	(295, '127.0.0.1', 1, 'Ibeffaro', '2023-04-04 16:41:50', 'Mengakses http://localhost/agenx/data-order', 'GET', '', '200'),
	(296, '127.0.0.1', 1, 'Ibeffaro', '2023-04-04 16:41:53', 'Mengakses http://localhost/agenx/data-order', 'GET', '', '200'),
	(297, '127.0.0.1', 1, 'Ibeffaro', '2023-04-04 16:41:56', 'Mengakses http://localhost/agenx/data-order', 'GET', '', '200'),
	(298, '127.0.0.1', 1, 'Ibeffaro', '2023-04-04 16:41:58', 'Mengakses http://localhost/agenx/data-order', 'GET', '', '200'),
	(299, '127.0.0.1', 1, 'Ibeffaro', '2023-04-04 16:42:01', 'Mengakses http://localhost/agenx/data-order', 'GET', '', '200'),
	(300, '127.0.0.1', 1, 'Ibeffaro', '2023-04-04 16:42:03', 'Mengakses http://localhost/agenx/data-order', 'GET', '', '200'),
	(301, '127.0.0.1', 1, 'Ibeffaro', '2023-04-04 16:42:06', 'Mengakses http://localhost/agenx/data-order', 'GET', '', '200'),
	(302, '127.0.0.1', 1, 'Ibeffaro', '2023-04-04 16:42:09', 'Mengakses http://localhost/agenx/data-order', 'GET', '', '200'),
	(303, '127.0.0.1', 1, 'Ibeffaro', '2023-04-04 16:42:11', 'Mengakses http://localhost/agenx/data-order', 'GET', '', '200'),
	(304, '127.0.0.1', 1, 'Ibeffaro', '2023-04-04 16:42:12', 'Mengakses http://localhost/agenx/data-order', 'GET', '', '200'),
	(305, '127.0.0.1', 1, 'Ibeffaro', '2023-04-04 16:42:12', 'Mengakses http://localhost/agenx/data-order/data', 'GET', 'a:3:{s:6:"select";a:4:{i:0;s:4:"nama";i:1;s:13:"jenis_kelamin";i:2;s:4:"telp";i:3;s:9:"is_active";}s:5:"limit";s:2:"25";s:4:"page";s:1:"0";}', '200'),
	(306, '127.0.0.1', 1, 'Ibeffaro', '2023-04-04 16:42:12', 'Mengakses http://localhost/agenx/data-order', 'GET', '', '200'),
	(307, '127.0.0.1', 1, 'Ibeffaro', '2023-04-04 16:42:12', 'Mengakses http://localhost/agenx/data-order', 'GET', '', '200'),
	(308, '127.0.0.1', 1, 'Ibeffaro', '2023-04-04 16:42:13', 'Mengakses http://localhost/agenx/data-order/data', 'GET', 'a:3:{s:6:"select";a:4:{i:0;s:4:"nama";i:1;s:13:"jenis_kelamin";i:2;s:4:"telp";i:3;s:9:"is_active";}s:5:"limit";s:2:"25";s:4:"page";s:1:"0";}', '200'),
	(309, '127.0.0.1', 1, 'Ibeffaro', '2023-04-04 16:42:13', 'Mengakses http://localhost/agenx/data-order', 'GET', '', '200'),
	(310, '127.0.0.1', 1, 'Ibeffaro', '2023-04-04 16:42:13', 'Mengakses http://localhost/agenx/data-order/data', 'GET', 'a:3:{s:6:"select";a:4:{i:0;s:4:"nama";i:1;s:13:"jenis_kelamin";i:2;s:4:"telp";i:3;s:9:"is_active";}s:5:"limit";s:2:"25";s:4:"page";s:1:"0";}', '200'),
	(311, '127.0.0.1', 1, 'Ibeffaro', '2023-04-04 16:42:13', 'Mengakses http://localhost/agenx/data-order', 'GET', '', '200'),
	(312, '127.0.0.1', 1, 'Ibeffaro', '2023-04-04 16:42:13', 'Mengakses http://localhost/agenx/data-order/data', 'GET', 'a:3:{s:6:"select";a:4:{i:0;s:4:"nama";i:1;s:13:"jenis_kelamin";i:2;s:4:"telp";i:3;s:9:"is_active";}s:5:"limit";s:2:"25";s:4:"page";s:1:"0";}', '200'),
	(313, '127.0.0.1', 1, 'Ibeffaro', '2023-04-04 16:42:13', 'Mengakses http://localhost/agenx/data-order', 'GET', '', '200'),
	(314, '127.0.0.1', 1, 'Ibeffaro', '2023-04-04 16:42:14', 'Mengakses http://localhost/agenx/data-order/data', 'GET', 'a:3:{s:6:"select";a:4:{i:0;s:4:"nama";i:1;s:13:"jenis_kelamin";i:2;s:4:"telp";i:3;s:9:"is_active";}s:5:"limit";s:2:"25";s:4:"page";s:1:"0";}', '200'),
	(315, '127.0.0.1', 1, 'Ibeffaro', '2023-04-04 16:42:14', 'Mengakses http://localhost/agenx/data-order', 'GET', '', '200'),
	(316, '127.0.0.1', 1, 'Ibeffaro', '2023-04-04 16:42:14', 'Mengakses http://localhost/agenx/data-order/data', 'GET', 'a:3:{s:6:"select";a:4:{i:0;s:4:"nama";i:1;s:13:"jenis_kelamin";i:2;s:4:"telp";i:3;s:9:"is_active";}s:5:"limit";s:2:"25";s:4:"page";s:1:"0";}', '200'),
	(317, '127.0.0.1', 1, 'Ibeffaro', '2023-04-04 16:42:16', 'Mengakses http://localhost/agenx/data-order', 'GET', '', '200'),
	(318, '127.0.0.1', 1, 'Ibeffaro', '2023-04-04 16:42:16', 'Mengakses http://localhost/agenx/data-order/data', 'GET', 'a:3:{s:6:"select";a:4:{i:0;s:4:"nama";i:1;s:13:"jenis_kelamin";i:2;s:4:"telp";i:3;s:9:"is_active";}s:5:"limit";s:2:"25";s:4:"page";s:1:"0";}', '200'),
	(319, '127.0.0.1', 1, 'Ibeffaro', '2023-04-04 16:42:16', 'Mengakses http://localhost/agenx/data-order', 'GET', '', '200'),
	(320, '127.0.0.1', 1, 'Ibeffaro', '2023-04-04 16:42:16', 'Mengakses http://localhost/agenx/data-order/data', 'GET', 'a:3:{s:6:"select";a:4:{i:0;s:4:"nama";i:1;s:13:"jenis_kelamin";i:2;s:4:"telp";i:3;s:9:"is_active";}s:5:"limit";s:2:"25";s:4:"page";s:1:"0";}', '200'),
	(321, '127.0.0.1', 1, 'Ibeffaro', '2023-04-04 16:42:16', 'Mengakses http://localhost/agenx/data-order', 'GET', '', '200'),
	(322, '127.0.0.1', 1, 'Ibeffaro', '2023-04-04 16:42:17', 'Mengakses http://localhost/agenx/data-order/data', 'GET', 'a:3:{s:6:"select";a:4:{i:0;s:4:"nama";i:1;s:13:"jenis_kelamin";i:2;s:4:"telp";i:3;s:9:"is_active";}s:5:"limit";s:2:"25";s:4:"page";s:1:"0";}', '200'),
	(323, '127.0.0.1', 1, 'Ibeffaro', '2023-04-04 16:42:20', 'Mengakses http://localhost/agenx/data-order', 'GET', '', '200'),
	(324, '127.0.0.1', 1, 'Ibeffaro', '2023-04-04 16:42:23', 'Mengakses http://localhost/agenx/data-order', 'GET', '', '200'),
	(325, '127.0.0.1', 1, 'Ibeffaro', '2023-04-04 16:42:25', 'Mengakses http://localhost/agenx/data-order', 'GET', '', '200'),
	(326, '127.0.0.1', 1, 'Ibeffaro', '2023-04-04 16:42:28', 'Mengakses http://localhost/agenx/data-order', 'GET', '', '200'),
	(327, '127.0.0.1', 1, 'Ibeffaro', '2023-04-04 16:42:31', 'Mengakses http://localhost/agenx/data-order', 'GET', '', '200'),
	(328, '127.0.0.1', 1, 'Ibeffaro', '2023-04-04 16:42:33', 'Mengakses http://localhost/agenx/data-order', 'GET', '', '200'),
	(329, '127.0.0.1', 1, 'Ibeffaro', '2023-04-04 16:42:36', 'Mengakses http://localhost/agenx/data-order', 'GET', '', '200'),
	(330, '127.0.0.1', 1, 'Ibeffaro', '2023-04-04 16:42:38', 'Mengakses http://localhost/agenx/data-order', 'GET', '', '200'),
	(331, '127.0.0.1', 1, 'Ibeffaro', '2023-04-04 16:42:41', 'Mengakses http://localhost/agenx/data-order', 'GET', '', '200'),
	(332, '127.0.0.1', 1, 'Ibeffaro', '2023-04-04 16:42:43', 'Mengakses http://localhost/agenx/data-order', 'GET', '', '200'),
	(333, '127.0.0.1', 1, 'Ibeffaro', '2023-04-04 16:42:46', 'Mengakses http://localhost/agenx/data-order', 'GET', '', '200'),
	(334, '127.0.0.1', 1, 'Ibeffaro', '2023-04-04 16:42:49', 'Mengakses http://localhost/agenx/data-order', 'GET', '', '200'),
	(335, '127.0.0.1', 1, 'Ibeffaro', '2023-04-04 16:42:51', 'Mengakses http://localhost/agenx/data-order', 'GET', '', '200'),
	(336, '127.0.0.1', 1, 'Ibeffaro', '2023-04-04 16:42:54', 'Mengakses http://localhost/agenx/data-order', 'GET', '', '200'),
	(337, '127.0.0.1', 1, 'Ibeffaro', '2023-04-04 16:42:56', 'Mengakses http://localhost/agenx/data-order', 'GET', '', '200'),
	(338, '127.0.0.1', 1, 'Ibeffaro', '2023-04-04 16:42:59', 'Mengakses http://localhost/agenx/data-order', 'GET', '', '200'),
	(339, '127.0.0.1', 1, 'Ibeffaro', '2023-04-04 16:43:01', 'Mengakses http://localhost/agenx/data-order', 'GET', '', '200'),
	(340, '127.0.0.1', 1, 'Ibeffaro', '2023-04-04 16:43:01', 'Mengakses http://localhost/agenx/data-order/data', 'GET', 'a:3:{s:6:"select";a:4:{i:0;s:4:"nama";i:1;s:13:"jenis_kelamin";i:2;s:4:"telp";i:3;s:9:"is_active";}s:5:"limit";s:2:"25";s:4:"page";s:1:"0";}', '200'),
	(341, '127.0.0.1', 1, 'Ibeffaro', '2023-04-04 16:43:01', 'Mengakses http://localhost/agenx/data-order', 'GET', '', '200'),
	(342, '127.0.0.1', 1, 'Ibeffaro', '2023-04-04 16:43:02', 'Mengakses http://localhost/agenx/data-order', 'GET', '', '200'),
	(343, '127.0.0.1', 1, 'Ibeffaro', '2023-04-04 16:43:02', 'Mengakses http://localhost/agenx/data-order/data', 'GET', 'a:3:{s:6:"select";a:4:{i:0;s:4:"nama";i:1;s:13:"jenis_kelamin";i:2;s:4:"telp";i:3;s:9:"is_active";}s:5:"limit";s:2:"25";s:4:"page";s:1:"0";}', '200'),
	(344, '127.0.0.1', 1, 'Ibeffaro', '2023-04-04 16:43:02', 'Mengakses http://localhost/agenx/data-order', 'GET', '', '200'),
	(345, '127.0.0.1', 1, 'Ibeffaro', '2023-04-04 16:43:02', 'Mengakses http://localhost/agenx/data-order/data', 'GET', 'a:3:{s:6:"select";a:4:{i:0;s:4:"nama";i:1;s:13:"jenis_kelamin";i:2;s:4:"telp";i:3;s:9:"is_active";}s:5:"limit";s:2:"25";s:4:"page";s:1:"0";}', '200'),
	(346, '127.0.0.1', 1, 'Ibeffaro', '2023-04-04 16:43:02', 'Mengakses http://localhost/agenx/data-order', 'GET', '', '200'),
	(347, '127.0.0.1', 1, 'Ibeffaro', '2023-04-04 16:43:03', 'Mengakses http://localhost/agenx/data-order/data', 'GET', 'a:3:{s:6:"select";a:4:{i:0;s:4:"nama";i:1;s:13:"jenis_kelamin";i:2;s:4:"telp";i:3;s:9:"is_active";}s:5:"limit";s:2:"25";s:4:"page";s:1:"0";}', '200'),
	(348, '127.0.0.1', 1, 'Ibeffaro', '2023-04-04 16:43:03', 'Mengakses http://localhost/agenx/data-order', 'GET', '', '200'),
	(349, '127.0.0.1', 1, 'Ibeffaro', '2023-04-04 16:43:03', 'Mengakses http://localhost/agenx/data-order/data', 'GET', 'a:3:{s:6:"select";a:4:{i:0;s:4:"nama";i:1;s:13:"jenis_kelamin";i:2;s:4:"telp";i:3;s:9:"is_active";}s:5:"limit";s:2:"25";s:4:"page";s:1:"0";}', '200'),
	(350, '127.0.0.1', 1, 'Ibeffaro', '2023-04-04 16:43:03', 'Mengakses http://localhost/agenx/data-order', 'GET', '', '200'),
	(351, '127.0.0.1', 1, 'Ibeffaro', '2023-04-04 16:43:03', 'Mengakses http://localhost/agenx/data-order/data', 'GET', 'a:3:{s:6:"select";a:4:{i:0;s:4:"nama";i:1;s:13:"jenis_kelamin";i:2;s:4:"telp";i:3;s:9:"is_active";}s:5:"limit";s:2:"25";s:4:"page";s:1:"0";}', '200'),
	(352, '127.0.0.1', 1, 'Ibeffaro', '2023-04-04 16:43:03', 'Mengakses http://localhost/agenx/data-order', 'GET', '', '200'),
	(353, '127.0.0.1', 1, 'Ibeffaro', '2023-04-04 16:43:03', 'Mengakses http://localhost/agenx/data-order/data', 'GET', 'a:3:{s:6:"select";a:4:{i:0;s:4:"nama";i:1;s:13:"jenis_kelamin";i:2;s:4:"telp";i:3;s:9:"is_active";}s:5:"limit";s:2:"25";s:4:"page";s:1:"0";}', '200'),
	(354, '127.0.0.1', 1, 'Ibeffaro', '2023-04-04 16:43:04', 'Mengakses http://localhost/agenx/data-order/data', 'GET', 'a:3:{s:6:"select";a:4:{i:0;s:4:"nama";i:1;s:13:"jenis_kelamin";i:2;s:4:"telp";i:3;s:9:"is_active";}s:5:"limit";s:2:"25";s:4:"page";s:1:"0";}', '200'),
	(355, '127.0.0.1', 1, 'Ibeffaro', '2023-04-04 16:43:04', 'Mengakses http://localhost/agenx/data-order', 'GET', '', '200'),
	(356, '127.0.0.1', 1, 'Ibeffaro', '2023-04-04 16:43:04', 'Mengakses http://localhost/agenx/data-order', 'GET', '', '200'),
	(357, '127.0.0.1', 1, 'Ibeffaro', '2023-04-04 16:43:04', 'Mengakses http://localhost/agenx/data-order/data', 'GET', 'a:3:{s:6:"select";a:4:{i:0;s:4:"nama";i:1;s:13:"jenis_kelamin";i:2;s:4:"telp";i:3;s:9:"is_active";}s:5:"limit";s:2:"25";s:4:"page";s:1:"0";}', '200'),
	(358, '127.0.0.1', 1, 'Ibeffaro', '2023-04-04 16:43:05', 'Mengakses http://localhost/agenx/data-order', 'GET', '', '200'),
	(359, '127.0.0.1', 1, 'Ibeffaro', '2023-04-04 16:43:05', 'Mengakses http://localhost/agenx/data-order/data', 'GET', 'a:3:{s:6:"select";a:4:{i:0;s:4:"nama";i:1;s:13:"jenis_kelamin";i:2;s:4:"telp";i:3;s:9:"is_active";}s:5:"limit";s:2:"25";s:4:"page";s:1:"0";}', '200'),
	(360, '127.0.0.1', 1, 'Ibeffaro', '2023-04-04 16:43:05', 'Mengakses http://localhost/agenx/data-order', 'GET', '', '200'),
	(361, '127.0.0.1', 1, 'Ibeffaro', '2023-04-04 16:43:05', 'Mengakses http://localhost/agenx/data-order/data', 'GET', 'a:3:{s:6:"select";a:4:{i:0;s:4:"nama";i:1;s:13:"jenis_kelamin";i:2;s:4:"telp";i:3;s:9:"is_active";}s:5:"limit";s:2:"25";s:4:"page";s:1:"0";}', '200'),
	(362, '127.0.0.1', 1, 'Ibeffaro', '2023-04-04 16:43:06', 'Mengakses http://localhost/agenx/data-order', 'GET', '', '200'),
	(363, '127.0.0.1', 1, 'Ibeffaro', '2023-04-04 16:43:06', 'Mengakses http://localhost/agenx/data-order/data', 'GET', 'a:3:{s:6:"select";a:4:{i:0;s:4:"nama";i:1;s:13:"jenis_kelamin";i:2;s:4:"telp";i:3;s:9:"is_active";}s:5:"limit";s:2:"25";s:4:"page";s:1:"0";}', '200'),
	(364, '127.0.0.1', 1, 'Ibeffaro', '2023-04-04 16:43:06', 'Mengakses http://localhost/agenx/data-order', 'GET', '', '200'),
	(365, '127.0.0.1', 1, 'Ibeffaro', '2023-04-04 16:43:06', 'Mengakses http://localhost/agenx/data-order/data', 'GET', 'a:3:{s:6:"select";a:4:{i:0;s:4:"nama";i:1;s:13:"jenis_kelamin";i:2;s:4:"telp";i:3;s:9:"is_active";}s:5:"limit";s:2:"25";s:4:"page";s:1:"0";}', '200'),
	(366, '127.0.0.1', 1, 'Ibeffaro', '2023-04-04 16:43:07', 'Mengakses http://localhost/agenx/data-order', 'GET', '', '200'),
	(367, '127.0.0.1', 1, 'Ibeffaro', '2023-04-04 16:43:07', 'Mengakses http://localhost/agenx/data-order/data', 'GET', 'a:3:{s:6:"select";a:4:{i:0;s:4:"nama";i:1;s:13:"jenis_kelamin";i:2;s:4:"telp";i:3;s:9:"is_active";}s:5:"limit";s:2:"25";s:4:"page";s:1:"0";}', '200'),
	(368, '127.0.0.1', 1, 'Ibeffaro', '2023-04-04 16:43:09', 'Mengakses http://localhost/agenx/data-order', 'GET', '', '200'),
	(369, '127.0.0.1', 1, 'Ibeffaro', '2023-04-04 16:43:12', 'Mengakses http://localhost/agenx/data-order', 'GET', '', '200'),
	(370, '127.0.0.1', 1, 'Ibeffaro', '2023-04-04 16:43:15', 'Mengakses http://localhost/agenx/data-order', 'GET', '', '200'),
	(371, '127.0.0.1', 1, 'Ibeffaro', '2023-04-04 16:43:17', 'Mengakses http://localhost/agenx/data-order', 'GET', '', '200'),
	(372, '127.0.0.1', 1, 'Ibeffaro', '2023-04-04 16:43:20', 'Mengakses http://localhost/agenx/data-order', 'GET', '', '200'),
	(373, '127.0.0.1', 1, 'Ibeffaro', '2023-04-04 16:43:23', 'Mengakses http://localhost/agenx/data-order', 'GET', '', '200'),
	(374, '127.0.0.1', 1, 'Ibeffaro', '2023-04-04 16:43:25', 'Mengakses http://localhost/agenx/data-order', 'GET', '', '200'),
	(375, '127.0.0.1', 1, 'Ibeffaro', '2023-04-04 16:43:28', 'Mengakses http://localhost/agenx/data-order', 'GET', '', '200'),
	(376, '127.0.0.1', 1, 'Ibeffaro', '2023-04-04 16:43:31', 'Mengakses http://localhost/agenx/data-order', 'GET', '', '200'),
	(377, '127.0.0.1', 1, 'Ibeffaro', '2023-04-04 16:43:34', 'Mengakses http://localhost/agenx/data-order', 'GET', '', '200'),
	(378, '127.0.0.1', 1, 'Ibeffaro', '2023-04-04 16:43:36', 'Mengakses http://localhost/agenx/data-order', 'GET', '', '200'),
	(379, '127.0.0.1', 1, 'Ibeffaro', '2023-04-04 16:43:39', 'Mengakses http://localhost/agenx/data-order', 'GET', '', '200'),
	(380, '127.0.0.1', 1, 'Ibeffaro', '2023-04-04 16:43:41', 'Mengakses http://localhost/agenx/data-order', 'GET', '', '200'),
	(381, '127.0.0.1', 1, 'Ibeffaro', '2023-04-04 16:43:44', 'Mengakses http://localhost/agenx/data-order', 'GET', '', '200'),
	(382, '127.0.0.1', 1, 'Ibeffaro', '2023-04-04 16:43:47', 'Mengakses http://localhost/agenx/data-order', 'GET', '', '200'),
	(383, '127.0.0.1', 1, 'Ibeffaro', '2023-04-04 16:43:49', 'Mengakses http://localhost/agenx/data-order', 'GET', '', '200'),
	(384, '127.0.0.1', 1, 'Ibeffaro', '2023-04-04 16:43:52', 'Mengakses http://localhost/agenx/data-order', 'GET', '', '200'),
	(385, '127.0.0.1', 1, 'Ibeffaro', '2023-04-04 16:43:52', 'Mengakses http://localhost/agenx/data-order/data', 'GET', 'a:3:{s:6:"select";a:4:{i:0;s:4:"nama";i:1;s:13:"jenis_kelamin";i:2;s:4:"telp";i:3;s:9:"is_active";}s:5:"limit";s:2:"25";s:4:"page";s:1:"0";}', '200'),
	(386, '127.0.0.1', 1, 'Ibeffaro', '2023-04-04 16:43:52', 'Mengakses http://localhost/agenx/data-order', 'GET', '', '200'),
	(387, '127.0.0.1', 1, 'Ibeffaro', '2023-04-04 16:43:52', 'Mengakses http://localhost/agenx/data-order/data', 'GET', 'a:3:{s:6:"select";a:4:{i:0;s:4:"nama";i:1;s:13:"jenis_kelamin";i:2;s:4:"telp";i:3;s:9:"is_active";}s:5:"limit";s:2:"25";s:4:"page";s:1:"0";}', '200'),
	(388, '127.0.0.1', 1, 'Ibeffaro', '2023-04-04 16:43:53', 'Mengakses http://localhost/agenx/data-order', 'GET', '', '200'),
	(389, '127.0.0.1', 1, 'Ibeffaro', '2023-04-04 16:43:53', 'Mengakses http://localhost/agenx/data-order/data', 'GET', 'a:3:{s:6:"select";a:4:{i:0;s:4:"nama";i:1;s:13:"jenis_kelamin";i:2;s:4:"telp";i:3;s:9:"is_active";}s:5:"limit";s:2:"25";s:4:"page";s:1:"0";}', '200'),
	(390, '127.0.0.1', 1, 'Ibeffaro', '2023-04-04 16:43:53', 'Mengakses http://localhost/agenx/data-order', 'GET', '', '200'),
	(391, '127.0.0.1', 1, 'Ibeffaro', '2023-04-04 16:43:53', 'Mengakses http://localhost/agenx/data-order/data', 'GET', 'a:3:{s:6:"select";a:4:{i:0;s:4:"nama";i:1;s:13:"jenis_kelamin";i:2;s:4:"telp";i:3;s:9:"is_active";}s:5:"limit";s:2:"25";s:4:"page";s:1:"0";}', '200'),
	(392, '127.0.0.1', 1, 'Ibeffaro', '2023-04-04 16:43:54', 'Mengakses http://localhost/agenx/data-order', 'GET', '', '200'),
	(393, '127.0.0.1', 1, 'Ibeffaro', '2023-04-04 16:43:54', 'Mengakses http://localhost/agenx/data-order/data', 'GET', 'a:3:{s:6:"select";a:4:{i:0;s:4:"nama";i:1;s:13:"jenis_kelamin";i:2;s:4:"telp";i:3;s:9:"is_active";}s:5:"limit";s:2:"25";s:4:"page";s:1:"0";}', '200'),
	(394, '127.0.0.1', 1, 'Ibeffaro', '2023-04-04 16:43:54', 'Mengakses http://localhost/agenx/data-order', 'GET', '', '200'),
	(395, '127.0.0.1', 1, 'Ibeffaro', '2023-04-04 16:43:54', 'Mengakses http://localhost/agenx/data-order/data', 'GET', 'a:3:{s:6:"select";a:4:{i:0;s:4:"nama";i:1;s:13:"jenis_kelamin";i:2;s:4:"telp";i:3;s:9:"is_active";}s:5:"limit";s:2:"25";s:4:"page";s:1:"0";}', '200'),
	(396, '127.0.0.1', 1, 'Ibeffaro', '2023-04-04 16:43:55', 'Mengakses http://localhost/agenx/data-order', 'GET', '', '200'),
	(397, '127.0.0.1', 1, 'Ibeffaro', '2023-04-04 16:43:55', 'Mengakses http://localhost/agenx/data-order/data', 'GET', 'a:3:{s:6:"select";a:4:{i:0;s:4:"nama";i:1;s:13:"jenis_kelamin";i:2;s:4:"telp";i:3;s:9:"is_active";}s:5:"limit";s:2:"25";s:4:"page";s:1:"0";}', '200'),
	(398, '127.0.0.1', 1, 'Ibeffaro', '2023-04-04 16:43:55', 'Mengakses http://localhost/agenx/checkin', 'GET', '', '404'),
	(399, '127.0.0.1', 1, 'Ibeffaro', '2023-04-04 16:43:58', 'Mengakses http://localhost/agenx/data-order', 'GET', '', '200'),
	(400, '127.0.0.1', 1, 'Ibeffaro', '2023-04-04 16:43:58', 'Mengakses http://localhost/agenx/data-order', 'GET', '', '200'),
	(401, '127.0.0.1', 1, 'Ibeffaro', '2023-04-04 16:43:58', 'Mengakses http://localhost/agenx/data-order/data', 'GET', 'a:3:{s:6:"select";a:4:{i:0;s:4:"nama";i:1;s:13:"jenis_kelamin";i:2;s:4:"telp";i:3;s:9:"is_active";}s:5:"limit";s:2:"25";s:4:"page";s:1:"0";}', '200'),
	(402, '127.0.0.1', 1, 'Ibeffaro', '2023-04-04 16:43:59', 'Mengakses http://localhost/agenx/data-order', 'GET', '', '200'),
	(403, '127.0.0.1', 1, 'Ibeffaro', '2023-04-04 16:43:59', 'Mengakses http://localhost/agenx/data-order/data', 'GET', 'a:3:{s:6:"select";a:4:{i:0;s:4:"nama";i:1;s:13:"jenis_kelamin";i:2;s:4:"telp";i:3;s:9:"is_active";}s:5:"limit";s:2:"25";s:4:"page";s:1:"0";}', '200'),
	(404, '127.0.0.1', 1, 'Ibeffaro', '2023-04-04 16:43:59', 'Mengakses http://localhost/agenx/data-order/data', 'GET', 'a:3:{s:6:"select";a:4:{i:0;s:4:"nama";i:1;s:13:"jenis_kelamin";i:2;s:4:"telp";i:3;s:9:"is_active";}s:5:"limit";s:2:"25";s:4:"page";s:1:"0";}', '200'),
	(405, '127.0.0.1', 1, 'Ibeffaro', '2023-04-04 16:43:59', 'Mengakses http://localhost/agenx/data-order', 'GET', '', '200'),
	(406, '127.0.0.1', 1, 'Ibeffaro', '2023-04-04 16:44:00', 'Mengakses http://localhost/agenx/data-order', 'GET', '', '200'),
	(407, '127.0.0.1', 1, 'Ibeffaro', '2023-04-04 16:44:00', 'Mengakses http://localhost/agenx/data-order/data', 'GET', 'a:3:{s:6:"select";a:4:{i:0;s:4:"nama";i:1;s:13:"jenis_kelamin";i:2;s:4:"telp";i:3;s:9:"is_active";}s:5:"limit";s:2:"25";s:4:"page";s:1:"0";}', '200'),
	(408, '127.0.0.1', 1, 'Ibeffaro', '2023-04-04 16:44:00', 'Mengakses http://localhost/agenx/data-order', 'GET', '', '200'),
	(409, '127.0.0.1', 1, 'Ibeffaro', '2023-04-04 16:44:00', 'Mengakses http://localhost/agenx/data-order/data', 'GET', 'a:3:{s:6:"select";a:4:{i:0;s:4:"nama";i:1;s:13:"jenis_kelamin";i:2;s:4:"telp";i:3;s:9:"is_active";}s:5:"limit";s:2:"25";s:4:"page";s:1:"0";}', '200'),
	(410, '127.0.0.1', 1, 'Ibeffaro', '2023-04-04 16:44:01', 'Mengakses http://localhost/agenx/data-order', 'GET', '', '200'),
	(411, '127.0.0.1', 1, 'Ibeffaro', '2023-04-04 16:44:01', 'Mengakses http://localhost/agenx/data-order/data', 'GET', 'a:3:{s:6:"select";a:4:{i:0;s:4:"nama";i:1;s:13:"jenis_kelamin";i:2;s:4:"telp";i:3;s:9:"is_active";}s:5:"limit";s:2:"25";s:4:"page";s:1:"0";}', '200'),
	(412, '127.0.0.1', 1, 'Ibeffaro', '2023-04-04 16:44:01', 'Mengakses http://localhost/agenx/data-order', 'GET', '', '200'),
	(413, '127.0.0.1', 1, 'Ibeffaro', '2023-04-04 16:44:01', 'Mengakses http://localhost/agenx/data-order/data', 'GET', 'a:3:{s:6:"select";a:4:{i:0;s:4:"nama";i:1;s:13:"jenis_kelamin";i:2;s:4:"telp";i:3;s:9:"is_active";}s:5:"limit";s:2:"25";s:4:"page";s:1:"0";}', '200'),
	(414, '127.0.0.1', 1, 'Ibeffaro', '2023-04-04 16:44:02', 'Mengakses http://localhost/agenx/data-order', 'GET', '', '200'),
	(415, '127.0.0.1', 1, 'Ibeffaro', '2023-04-04 16:44:02', 'Mengakses http://localhost/agenx/data-order/data', 'GET', 'a:3:{s:6:"select";a:4:{i:0;s:4:"nama";i:1;s:13:"jenis_kelamin";i:2;s:4:"telp";i:3;s:9:"is_active";}s:5:"limit";s:2:"25";s:4:"page";s:1:"0";}', '200'),
	(416, '127.0.0.1', 1, 'Ibeffaro', '2023-04-04 16:44:02', 'Mengakses http://localhost/agenx/data-order', 'GET', '', '200'),
	(417, '127.0.0.1', 1, 'Ibeffaro', '2023-04-04 16:44:02', 'Mengakses http://localhost/agenx/data-order/data', 'GET', 'a:3:{s:6:"select";a:4:{i:0;s:4:"nama";i:1;s:13:"jenis_kelamin";i:2;s:4:"telp";i:3;s:9:"is_active";}s:5:"limit";s:2:"25";s:4:"page";s:1:"0";}', '200'),
	(418, '127.0.0.1', 1, 'Ibeffaro', '2023-04-04 16:44:06', 'Mengakses http://localhost/agenx/data-order', 'GET', '', '200'),
	(419, '127.0.0.1', 1, 'Ibeffaro', '2023-04-04 16:44:08', 'Mengakses http://localhost/agenx/data-order', 'GET', '', '200'),
	(420, '127.0.0.1', 1, 'Ibeffaro', '2023-04-04 16:44:11', 'Mengakses http://localhost/agenx/data-order', 'GET', '', '200'),
	(421, '127.0.0.1', 1, 'Ibeffaro', '2023-04-04 16:44:14', 'Mengakses http://localhost/agenx/data-order', 'GET', '', '200'),
	(422, '127.0.0.1', 1, 'Ibeffaro', '2023-04-04 16:44:16', 'Mengakses http://localhost/agenx/data-order', 'GET', '', '200'),
	(423, '127.0.0.1', 1, 'Ibeffaro', '2023-04-04 16:44:19', 'Mengakses http://localhost/agenx/data-order', 'GET', '', '200'),
	(424, '127.0.0.1', 1, 'Ibeffaro', '2023-04-04 16:44:20', 'Mengakses http://localhost/agenx/data-order', 'GET', '', '200'),
	(425, '127.0.0.1', 1, 'Ibeffaro', '2023-04-04 16:44:20', 'Mengakses http://localhost/agenx/data_order/data', 'GET', 'a:3:{s:6:"select";a:4:{i:0;s:4:"nama";i:1;s:13:"jenis_kelamin";i:2;s:4:"telp";i:3;s:9:"is_active";}s:5:"limit";s:2:"25";s:4:"page";s:1:"0";}', '200'),
	(426, '127.0.0.1', 1, 'Ibeffaro', '2023-04-04 16:44:20', 'Mengakses http://localhost/agenx/data-order', 'GET', '', '200'),
	(427, '127.0.0.1', 1, 'Ibeffaro', '2023-04-04 16:44:20', 'Mengakses http://localhost/agenx/data-order', 'GET', '', '200'),
	(428, '127.0.0.1', 1, 'Ibeffaro', '2023-04-04 16:44:20', 'Mengakses http://localhost/agenx/data_order/data', 'GET', 'a:3:{s:6:"select";a:4:{i:0;s:4:"nama";i:1;s:13:"jenis_kelamin";i:2;s:4:"telp";i:3;s:9:"is_active";}s:5:"limit";s:2:"25";s:4:"page";s:1:"0";}', '200'),
	(429, '127.0.0.1', 1, 'Ibeffaro', '2023-04-04 16:44:21', 'Mengakses http://localhost/agenx/data-order', 'GET', '', '200'),
	(430, '127.0.0.1', 1, 'Ibeffaro', '2023-04-04 16:44:21', 'Mengakses http://localhost/agenx/data_order/data', 'GET', 'a:3:{s:6:"select";a:4:{i:0;s:4:"nama";i:1;s:13:"jenis_kelamin";i:2;s:4:"telp";i:3;s:9:"is_active";}s:5:"limit";s:2:"25";s:4:"page";s:1:"0";}', '200'),
	(431, '127.0.0.1', 1, 'Ibeffaro', '2023-04-04 16:44:21', 'Mengakses http://localhost/agenx/data-order', 'GET', '', '200'),
	(432, '127.0.0.1', 1, 'Ibeffaro', '2023-04-04 16:44:21', 'Mengakses http://localhost/agenx/data_order/data', 'GET', 'a:3:{s:6:"select";a:4:{i:0;s:4:"nama";i:1;s:13:"jenis_kelamin";i:2;s:4:"telp";i:3;s:9:"is_active";}s:5:"limit";s:2:"25";s:4:"page";s:1:"0";}', '200'),
	(433, '127.0.0.1', 1, 'Ibeffaro', '2023-04-04 16:44:21', 'Mengakses http://localhost/agenx/data-order', 'GET', '', '200'),
	(434, '127.0.0.1', 1, 'Ibeffaro', '2023-04-04 16:44:22', 'Mengakses http://localhost/agenx/data-order', 'GET', '', '200'),
	(435, '127.0.0.1', 1, 'Ibeffaro', '2023-04-04 16:44:22', 'Mengakses http://localhost/agenx/data_order/data', 'GET', 'a:3:{s:6:"select";a:4:{i:0;s:4:"nama";i:1;s:13:"jenis_kelamin";i:2;s:4:"telp";i:3;s:9:"is_active";}s:5:"limit";s:2:"25";s:4:"page";s:1:"0";}', '200'),
	(436, '127.0.0.1', 1, 'Ibeffaro', '2023-04-04 16:44:22', 'Mengakses http://localhost/agenx/data-order', 'GET', '', '200'),
	(437, '127.0.0.1', 1, 'Ibeffaro', '2023-04-04 16:44:22', 'Mengakses http://localhost/agenx/data-order', 'GET', '', '200'),
	(438, '127.0.0.1', 1, 'Ibeffaro', '2023-04-04 16:44:23', 'Mengakses http://localhost/agenx/data-order', 'GET', '', '200'),
	(439, '127.0.0.1', 1, 'Ibeffaro', '2023-04-04 16:44:23', 'Mengakses http://localhost/agenx/data_order/data', 'GET', 'a:3:{s:6:"select";a:4:{i:0;s:4:"nama";i:1;s:13:"jenis_kelamin";i:2;s:4:"telp";i:3;s:9:"is_active";}s:5:"limit";s:2:"25";s:4:"page";s:1:"0";}', '200'),
	(440, '127.0.0.1', 1, 'Ibeffaro', '2023-04-04 16:44:23', 'Mengakses http://localhost/agenx/data-order', 'GET', '', '200'),
	(441, '127.0.0.1', 1, 'Ibeffaro', '2023-04-04 16:44:23', 'Mengakses http://localhost/agenx/data_order/data', 'GET', 'a:3:{s:6:"select";a:4:{i:0;s:4:"nama";i:1;s:13:"jenis_kelamin";i:2;s:4:"telp";i:3;s:9:"is_active";}s:5:"limit";s:2:"25";s:4:"page";s:1:"0";}', '200'),
	(442, '127.0.0.1', 1, 'Ibeffaro', '2023-04-04 16:44:24', 'Mengakses http://localhost/agenx/data-order', 'GET', '', '200'),
	(443, '127.0.0.1', 1, 'Ibeffaro', '2023-04-04 16:44:24', 'Mengakses http://localhost/agenx/data_order/data', 'GET', 'a:3:{s:6:"select";a:4:{i:0;s:4:"nama";i:1;s:13:"jenis_kelamin";i:2;s:4:"telp";i:3;s:9:"is_active";}s:5:"limit";s:2:"25";s:4:"page";s:1:"0";}', '200'),
	(444, '127.0.0.1', 1, 'Ibeffaro', '2023-04-04 16:44:24', 'Mengakses http://localhost/agenx/data-order', 'GET', '', '200'),
	(445, '127.0.0.1', 1, 'Ibeffaro', '2023-04-04 16:44:24', 'Mengakses http://localhost/agenx/data_order/data', 'GET', 'a:3:{s:6:"select";a:4:{i:0;s:4:"nama";i:1;s:13:"jenis_kelamin";i:2;s:4:"telp";i:3;s:9:"is_active";}s:5:"limit";s:2:"25";s:4:"page";s:1:"0";}', '200'),
	(446, '127.0.0.1', 1, 'Ibeffaro', '2023-04-04 16:44:25', 'Mengakses http://localhost/agenx/data-order', 'GET', '', '200'),
	(447, '127.0.0.1', 1, 'Ibeffaro', '2023-04-04 16:44:25', 'Mengakses http://localhost/agenx/data_order/data', 'GET', 'a:3:{s:6:"select";a:4:{i:0;s:4:"nama";i:1;s:13:"jenis_kelamin";i:2;s:4:"telp";i:3;s:9:"is_active";}s:5:"limit";s:2:"25";s:4:"page";s:1:"0";}', '200'),
	(448, '127.0.0.1', 1, 'Ibeffaro', '2023-04-04 16:44:59', 'Mengakses http://localhost/agenx/data-order', 'GET', '', '200'),
	(449, '127.0.0.1', 1, 'Ibeffaro', '2023-04-04 16:45:00', 'Mengakses http://localhost/agenx/data-order', 'GET', '', '200'),
	(450, '127.0.0.1', 1, 'Ibeffaro', '2023-04-04 16:45:00', 'Mengakses http://localhost/agenx/data_order/data', 'GET', 'a:3:{s:6:"select";a:4:{i:0;s:4:"nama";i:1;s:13:"jenis_kelamin";i:2;s:4:"telp";i:3;s:9:"is_active";}s:5:"limit";s:2:"25";s:4:"page";s:1:"0";}', '200'),
	(451, '127.0.0.1', 1, 'Ibeffaro', '2023-04-04 16:45:00', 'Mengakses http://localhost/agenx/data-order', 'GET', '', '200'),
	(452, '127.0.0.1', 1, 'Ibeffaro', '2023-04-04 16:45:00', 'Mengakses http://localhost/agenx/data_order/data', 'GET', 'a:3:{s:6:"select";a:4:{i:0;s:4:"nama";i:1;s:13:"jenis_kelamin";i:2;s:4:"telp";i:3;s:9:"is_active";}s:5:"limit";s:2:"25";s:4:"page";s:1:"0";}', '200'),
	(453, '127.0.0.1', 1, 'Ibeffaro', '2023-04-04 16:45:01', 'Mengakses http://localhost/agenx/data-order', 'GET', '', '200'),
	(454, '127.0.0.1', 1, 'Ibeffaro', '2023-04-04 16:45:01', 'Mengakses http://localhost/agenx/data_order/data', 'GET', 'a:3:{s:6:"select";a:4:{i:0;s:4:"nama";i:1;s:13:"jenis_kelamin";i:2;s:4:"telp";i:3;s:9:"is_active";}s:5:"limit";s:2:"25";s:4:"page";s:1:"0";}', '200'),
	(455, '127.0.0.1', 1, 'Ibeffaro', '2023-04-04 16:45:01', 'Mengakses http://localhost/agenx/data-order', 'GET', '', '200'),
	(456, '127.0.0.1', 1, 'Ibeffaro', '2023-04-04 16:45:01', 'Mengakses http://localhost/agenx/data_order/data', 'GET', 'a:3:{s:6:"select";a:4:{i:0;s:4:"nama";i:1;s:13:"jenis_kelamin";i:2;s:4:"telp";i:3;s:9:"is_active";}s:5:"limit";s:2:"25";s:4:"page";s:1:"0";}', '200'),
	(457, '127.0.0.1', 1, 'Ibeffaro', '2023-04-04 16:45:04', 'Mengakses http://localhost/agenx/data-order', 'GET', '', '200'),
	(458, '127.0.0.1', 1, 'Ibeffaro', '2023-04-04 16:45:07', 'Mengakses http://localhost/agenx/data-order', 'GET', '', '200'),
	(459, '127.0.0.1', 1, 'Ibeffaro', '2023-04-04 16:45:07', 'Mengakses http://localhost/agenx/data_order/data', 'GET', 'a:3:{s:6:"select";a:4:{i:0;s:4:"nama";i:1;s:13:"jenis_kelamin";i:2;s:4:"telp";i:3;s:9:"is_active";}s:5:"limit";s:2:"25";s:4:"page";s:1:"0";}', '200'),
	(460, '127.0.0.1', 1, 'Ibeffaro', '2023-04-04 16:45:07', 'Mengakses http://localhost/agenx/data-order', 'GET', '', '200'),
	(461, '127.0.0.1', 1, 'Ibeffaro', '2023-04-04 16:45:08', 'Mengakses http://localhost/agenx/data-order', 'GET', '', '200'),
	(462, '127.0.0.1', 1, 'Ibeffaro', '2023-04-04 16:45:08', 'Mengakses http://localhost/agenx/data_order/data', 'GET', 'a:3:{s:6:"select";a:4:{i:0;s:4:"nama";i:1;s:13:"jenis_kelamin";i:2;s:4:"telp";i:3;s:9:"is_active";}s:5:"limit";s:2:"25";s:4:"page";s:1:"0";}', '200'),
	(463, '127.0.0.1', 1, 'Ibeffaro', '2023-04-04 16:45:08', 'Mengakses http://localhost/agenx/data-order', 'GET', '', '200'),
	(464, '127.0.0.1', 1, 'Ibeffaro', '2023-04-04 16:45:08', 'Mengakses http://localhost/agenx/data_order/data', 'GET', 'a:3:{s:6:"select";a:4:{i:0;s:4:"nama";i:1;s:13:"jenis_kelamin";i:2;s:4:"telp";i:3;s:9:"is_active";}s:5:"limit";s:2:"25";s:4:"page";s:1:"0";}', '200'),
	(465, '127.0.0.1', 1, 'Ibeffaro', '2023-04-04 16:45:08', 'Mengakses http://localhost/agenx/data-order', 'GET', '', '200'),
	(466, '127.0.0.1', 1, 'Ibeffaro', '2023-04-04 16:45:09', 'Mengakses http://localhost/agenx/data_order/data', 'GET', 'a:3:{s:6:"select";a:4:{i:0;s:4:"nama";i:1;s:13:"jenis_kelamin";i:2;s:4:"telp";i:3;s:9:"is_active";}s:5:"limit";s:2:"25";s:4:"page";s:1:"0";}', '200'),
	(467, '127.0.0.1', 1, 'Ibeffaro', '2023-04-04 16:45:11', 'Mengakses http://localhost/agenx/data-order', 'GET', '', '200'),
	(468, '127.0.0.1', 1, 'Ibeffaro', '2023-04-04 16:45:14', 'Mengakses http://localhost/agenx/data-order', 'GET', '', '200'),
	(469, '127.0.0.1', 1, 'Ibeffaro', '2023-04-04 16:45:16', 'Mengakses http://localhost/agenx/data-order', 'GET', '', '200'),
	(470, '127.0.0.1', 1, 'Ibeffaro', '2023-04-04 16:45:19', 'Mengakses http://localhost/agenx/data-order', 'GET', '', '200'),
	(471, '127.0.0.1', 1, 'Ibeffaro', '2023-04-04 16:45:22', 'Mengakses http://localhost/agenx/data-order', 'GET', '', '200'),
	(472, '127.0.0.1', 1, 'Ibeffaro', '2023-04-04 16:45:24', 'Mengakses http://localhost/agenx/data-order', 'GET', '', '200'),
	(473, '127.0.0.1', 1, 'Ibeffaro', '2023-04-04 16:45:25', 'Mengakses http://localhost/agenx/data_order/data', 'GET', 'a:3:{s:6:"select";a:4:{i:0;s:4:"nama";i:1;s:13:"jenis_kelamin";i:2;s:4:"telp";i:3;s:9:"is_active";}s:5:"limit";s:2:"25";s:4:"page";s:1:"0";}', '200'),
	(474, '127.0.0.1', 1, 'Ibeffaro', '2023-04-04 16:45:25', 'Mengakses http://localhost/agenx/data_order/data', 'GET', 'a:3:{s:6:"select";a:4:{i:0;s:4:"nama";i:1;s:13:"jenis_kelamin";i:2;s:4:"telp";i:3;s:9:"is_active";}s:5:"limit";s:2:"25";s:4:"page";s:1:"0";}', '200'),
	(475, '127.0.0.1', 1, 'Ibeffaro', '2023-04-04 16:45:25', 'Mengakses http://localhost/agenx/data-order', 'GET', '', '200'),
	(476, '127.0.0.1', 1, 'Ibeffaro', '2023-04-04 16:45:25', 'Mengakses http://localhost/agenx/data-order', 'GET', '', '200'),
	(477, '127.0.0.1', 1, 'Ibeffaro', '2023-04-04 16:45:26', 'Mengakses http://localhost/agenx/data_order/data', 'GET', 'a:3:{s:6:"select";a:4:{i:0;s:4:"nama";i:1;s:13:"jenis_kelamin";i:2;s:4:"telp";i:3;s:9:"is_active";}s:5:"limit";s:2:"25";s:4:"page";s:1:"0";}', '200'),
	(478, '127.0.0.1', 1, 'Ibeffaro', '2023-04-04 16:45:26', 'Mengakses http://localhost/agenx/data-order', 'GET', '', '200'),
	(479, '127.0.0.1', 1, 'Ibeffaro', '2023-04-04 16:45:26', 'Mengakses http://localhost/agenx/data_order/data', 'GET', 'a:3:{s:6:"select";a:4:{i:0;s:4:"nama";i:1;s:13:"jenis_kelamin";i:2;s:4:"telp";i:3;s:9:"is_active";}s:5:"limit";s:2:"25";s:4:"page";s:1:"0";}', '200'),
	(480, '127.0.0.1', 1, 'Ibeffaro', '2023-04-04 16:45:26', 'Mengakses http://localhost/agenx/data_order/data', 'GET', 'a:3:{s:6:"select";a:4:{i:0;s:4:"nama";i:1;s:13:"jenis_kelamin";i:2;s:4:"telp";i:3;s:9:"is_active";}s:5:"limit";s:2:"25";s:4:"page";s:1:"0";}', '200'),
	(481, '127.0.0.1', 1, 'Ibeffaro', '2023-04-04 16:45:26', 'Mengakses http://localhost/agenx/data-order', 'GET', '', '200'),
	(482, '127.0.0.1', 1, 'Ibeffaro', '2023-04-04 16:45:27', 'Mengakses http://localhost/agenx/data-order', 'GET', '', '200'),
	(483, '127.0.0.1', 1, 'Ibeffaro', '2023-04-04 16:45:27', 'Mengakses http://localhost/agenx/data_order/data', 'GET', 'a:3:{s:6:"select";a:4:{i:0;s:4:"nama";i:1;s:13:"jenis_kelamin";i:2;s:4:"telp";i:3;s:9:"is_active";}s:5:"limit";s:2:"25";s:4:"page";s:1:"0";}', '200'),
	(484, '127.0.0.1', 1, 'Ibeffaro', '2023-04-04 16:45:27', 'Mengakses http://localhost/agenx/data-order', 'GET', '', '200'),
	(485, '127.0.0.1', 1, 'Ibeffaro', '2023-04-04 16:45:27', 'Mengakses http://localhost/agenx/data_order/data', 'GET', 'a:3:{s:6:"select";a:4:{i:0;s:4:"nama";i:1;s:13:"jenis_kelamin";i:2;s:4:"telp";i:3;s:9:"is_active";}s:5:"limit";s:2:"25";s:4:"page";s:1:"0";}', '200'),
	(486, '127.0.0.1', 1, 'Ibeffaro', '2023-04-04 16:45:28', 'Mengakses http://localhost/agenx/data-order', 'GET', '', '200'),
	(487, '127.0.0.1', 1, 'Ibeffaro', '2023-04-04 16:45:28', 'Mengakses http://localhost/agenx/data_order/data', 'GET', 'a:3:{s:6:"select";a:4:{i:0;s:4:"nama";i:1;s:13:"jenis_kelamin";i:2;s:4:"telp";i:3;s:9:"is_active";}s:5:"limit";s:2:"25";s:4:"page";s:1:"0";}', '200'),
	(488, '127.0.0.1', 1, 'Ibeffaro', '2023-04-04 16:45:28', 'Mengakses http://localhost/agenx/data-order', 'GET', '', '200'),
	(489, '127.0.0.1', 1, 'Ibeffaro', '2023-04-04 16:45:28', 'Mengakses http://localhost/agenx/data_order/data', 'GET', 'a:3:{s:6:"select";a:4:{i:0;s:4:"nama";i:1;s:13:"jenis_kelamin";i:2;s:4:"telp";i:3;s:9:"is_active";}s:5:"limit";s:2:"25";s:4:"page";s:1:"0";}', '200'),
	(490, '127.0.0.1', 1, 'Ibeffaro', '2023-04-04 16:45:29', 'Mengakses http://localhost/agenx/data-order', 'GET', '', '200'),
	(491, '127.0.0.1', 1, 'Ibeffaro', '2023-04-04 16:45:29', 'Mengakses http://localhost/agenx/data_order/data', 'GET', 'a:3:{s:6:"select";a:4:{i:0;s:4:"nama";i:1;s:13:"jenis_kelamin";i:2;s:4:"telp";i:3;s:9:"is_active";}s:5:"limit";s:2:"25";s:4:"page";s:1:"0";}', '200'),
	(492, '127.0.0.1', 1, 'Ibeffaro', '2023-04-04 16:45:29', 'Mengakses http://localhost/agenx/data-order', 'GET', '', '200'),
	(493, '127.0.0.1', 1, 'Ibeffaro', '2023-04-04 16:45:29', 'Mengakses http://localhost/agenx/data_order/data', 'GET', 'a:3:{s:6:"select";a:4:{i:0;s:4:"nama";i:1;s:13:"jenis_kelamin";i:2;s:4:"telp";i:3;s:9:"is_active";}s:5:"limit";s:2:"25";s:4:"page";s:1:"0";}', '200'),
	(494, '127.0.0.1', 1, 'Ibeffaro', '2023-04-04 16:45:30', 'Mengakses http://localhost/agenx/data-order', 'GET', '', '200'),
	(495, '127.0.0.1', 1, 'Ibeffaro', '2023-04-04 16:45:30', 'Mengakses http://localhost/agenx/data_order/data', 'GET', 'a:3:{s:6:"select";a:4:{i:0;s:4:"nama";i:1;s:13:"jenis_kelamin";i:2;s:4:"telp";i:3;s:9:"is_active";}s:5:"limit";s:2:"25";s:4:"page";s:1:"0";}', '200'),
	(496, '127.0.0.1', 1, 'Ibeffaro', '2023-04-04 16:45:30', 'Mengakses http://localhost/agenx/data-order', 'GET', '', '200'),
	(497, '127.0.0.1', 1, 'Ibeffaro', '2023-04-04 16:45:30', 'Mengakses http://localhost/agenx/data_order/data', 'GET', 'a:3:{s:6:"select";a:4:{i:0;s:4:"nama";i:1;s:13:"jenis_kelamin";i:2;s:4:"telp";i:3;s:9:"is_active";}s:5:"limit";s:2:"25";s:4:"page";s:1:"0";}', '200'),
	(498, '127.0.0.1', 1, 'Ibeffaro', '2023-04-04 16:45:31', 'Mengakses http://localhost/agenx/data-order', 'GET', '', '200'),
	(499, '127.0.0.1', 1, 'Ibeffaro', '2023-04-04 16:45:31', 'Mengakses http://localhost/agenx/data_order/data', 'GET', 'a:3:{s:6:"select";a:4:{i:0;s:4:"nama";i:1;s:13:"jenis_kelamin";i:2;s:4:"telp";i:3;s:9:"is_active";}s:5:"limit";s:2:"25";s:4:"page";s:1:"0";}', '200'),
	(500, '127.0.0.1', 1, 'Ibeffaro', '2023-04-04 16:45:31', 'Mengakses http://localhost/agenx/data-order', 'GET', '', '200'),
	(501, '127.0.0.1', 1, 'Ibeffaro', '2023-04-04 16:45:31', 'Mengakses http://localhost/agenx/data_order/data', 'GET', 'a:3:{s:6:"select";a:4:{i:0;s:4:"nama";i:1;s:13:"jenis_kelamin";i:2;s:4:"telp";i:3;s:9:"is_active";}s:5:"limit";s:2:"25";s:4:"page";s:1:"0";}', '200'),
	(502, '127.0.0.1', 1, 'Ibeffaro', '2023-04-04 16:45:32', 'Mengakses http://localhost/agenx/data-order', 'GET', '', '200'),
	(503, '127.0.0.1', 1, 'Ibeffaro', '2023-04-04 16:45:32', 'Mengakses http://localhost/agenx/data_order/data', 'GET', 'a:3:{s:6:"select";a:4:{i:0;s:4:"nama";i:1;s:13:"jenis_kelamin";i:2;s:4:"telp";i:3;s:9:"is_active";}s:5:"limit";s:2:"25";s:4:"page";s:1:"0";}', '200'),
	(504, '127.0.0.1', 1, 'Ibeffaro', '2023-04-04 16:45:32', 'Mengakses http://localhost/agenx/data-order', 'GET', '', '200'),
	(505, '127.0.0.1', 1, 'Ibeffaro', '2023-04-04 16:45:32', 'Mengakses http://localhost/agenx/data_order/data', 'GET', 'a:3:{s:6:"select";a:4:{i:0;s:4:"nama";i:1;s:13:"jenis_kelamin";i:2;s:4:"telp";i:3;s:9:"is_active";}s:5:"limit";s:2:"25";s:4:"page";s:1:"0";}', '200'),
	(506, '127.0.0.1', 1, 'Ibeffaro', '2023-04-04 16:45:33', 'Mengakses http://localhost/agenx/data-order', 'GET', '', '200'),
	(507, '127.0.0.1', 1, 'Ibeffaro', '2023-04-04 16:45:33', 'Mengakses http://localhost/agenx/data_order/data', 'GET', 'a:3:{s:6:"select";a:4:{i:0;s:4:"nama";i:1;s:13:"jenis_kelamin";i:2;s:4:"telp";i:3;s:9:"is_active";}s:5:"limit";s:2:"25";s:4:"page";s:1:"0";}', '200'),
	(508, '127.0.0.1', 1, 'Ibeffaro', '2023-04-04 16:45:33', 'Mengakses http://localhost/agenx/data_order/data', 'GET', 'a:3:{s:6:"select";a:4:{i:0;s:4:"nama";i:1;s:13:"jenis_kelamin";i:2;s:4:"telp";i:3;s:9:"is_active";}s:5:"limit";s:2:"25";s:4:"page";s:1:"0";}', '200'),
	(509, '127.0.0.1', 1, 'Ibeffaro', '2023-04-04 16:45:33', 'Mengakses http://localhost/agenx/data-order', 'GET', '', '200'),
	(510, '127.0.0.1', 1, 'Ibeffaro', '2023-04-04 16:45:33', 'Mengakses http://localhost/agenx/data-order', 'GET', '', '200'),
	(511, '127.0.0.1', 1, 'Ibeffaro', '2023-04-04 16:45:34', 'Mengakses http://localhost/agenx/data_order/data', 'GET', 'a:3:{s:6:"select";a:4:{i:0;s:4:"nama";i:1;s:13:"jenis_kelamin";i:2;s:4:"telp";i:3;s:9:"is_active";}s:5:"limit";s:2:"25";s:4:"page";s:1:"0";}', '200'),
	(512, '127.0.0.1', 1, 'Ibeffaro', '2023-04-04 16:45:34', 'Mengakses http://localhost/agenx/data-order', 'GET', '', '200'),
	(513, '127.0.0.1', 1, 'Ibeffaro', '2023-04-04 16:45:34', 'Mengakses http://localhost/agenx/data_order/data', 'GET', 'a:3:{s:6:"select";a:4:{i:0;s:4:"nama";i:1;s:13:"jenis_kelamin";i:2;s:4:"telp";i:3;s:9:"is_active";}s:5:"limit";s:2:"25";s:4:"page";s:1:"0";}', '200'),
	(514, '127.0.0.1', 1, 'Ibeffaro', '2023-04-04 16:45:34', 'Mengakses http://localhost/agenx/data-order', 'GET', '', '200'),
	(515, '127.0.0.1', 1, 'Ibeffaro', '2023-04-04 16:45:35', 'Mengakses http://localhost/agenx/data_order/data', 'GET', 'a:3:{s:6:"select";a:4:{i:0;s:4:"nama";i:1;s:13:"jenis_kelamin";i:2;s:4:"telp";i:3;s:9:"is_active";}s:5:"limit";s:2:"25";s:4:"page";s:1:"0";}', '200'),
	(516, '127.0.0.1', 1, 'Ibeffaro', '2023-04-04 16:45:35', 'Mengakses http://localhost/agenx/data-order', 'GET', '', '200'),
	(517, '127.0.0.1', 1, 'Ibeffaro', '2023-04-04 16:45:35', 'Mengakses http://localhost/agenx/data_order/data', 'GET', 'a:3:{s:6:"select";a:4:{i:0;s:4:"nama";i:1;s:13:"jenis_kelamin";i:2;s:4:"telp";i:3;s:9:"is_active";}s:5:"limit";s:2:"25";s:4:"page";s:1:"0";}', '200'),
	(518, '127.0.0.1', 1, 'Ibeffaro', '2023-04-04 16:45:35', 'Mengakses http://localhost/agenx/data-order', 'GET', '', '200'),
	(519, '127.0.0.1', 1, 'Ibeffaro', '2023-04-04 16:45:35', 'Mengakses http://localhost/agenx/data_order/data', 'GET', 'a:3:{s:6:"select";a:4:{i:0;s:4:"nama";i:1;s:13:"jenis_kelamin";i:2;s:4:"telp";i:3;s:9:"is_active";}s:5:"limit";s:2:"25";s:4:"page";s:1:"0";}', '200'),
	(520, '127.0.0.1', 1, 'Ibeffaro', '2023-04-04 16:45:36', 'Mengakses http://localhost/agenx/data-order', 'GET', '', '200'),
	(521, '127.0.0.1', 1, 'Ibeffaro', '2023-04-04 16:45:36', 'Mengakses http://localhost/agenx/data_order/data', 'GET', 'a:3:{s:6:"select";a:4:{i:0;s:4:"nama";i:1;s:13:"jenis_kelamin";i:2;s:4:"telp";i:3;s:9:"is_active";}s:5:"limit";s:2:"25";s:4:"page";s:1:"0";}', '200'),
	(522, '127.0.0.1', 1, 'Ibeffaro', '2023-04-04 16:45:36', 'Mengakses http://localhost/agenx/data-order', 'GET', '', '200'),
	(523, '127.0.0.1', 1, 'Ibeffaro', '2023-04-04 16:45:36', 'Mengakses http://localhost/agenx/data_order/data', 'GET', 'a:3:{s:6:"select";a:4:{i:0;s:4:"nama";i:1;s:13:"jenis_kelamin";i:2;s:4:"telp";i:3;s:9:"is_active";}s:5:"limit";s:2:"25";s:4:"page";s:1:"0";}', '200'),
	(524, '127.0.0.1', 1, 'Ibeffaro', '2023-04-04 16:45:37', 'Mengakses http://localhost/agenx/data-order', 'GET', '', '200'),
	(525, '127.0.0.1', 1, 'Ibeffaro', '2023-04-04 16:45:37', 'Mengakses http://localhost/agenx/data_order/data', 'GET', 'a:3:{s:6:"select";a:4:{i:0;s:4:"nama";i:1;s:13:"jenis_kelamin";i:2;s:4:"telp";i:3;s:9:"is_active";}s:5:"limit";s:2:"25";s:4:"page";s:1:"0";}', '200'),
	(526, '127.0.0.1', 1, 'Ibeffaro', '2023-04-04 16:45:37', 'Mengakses http://localhost/agenx/data-order', 'GET', '', '200'),
	(527, '127.0.0.1', 1, 'Ibeffaro', '2023-04-04 16:45:37', 'Mengakses http://localhost/agenx/data_order/data', 'GET', 'a:3:{s:6:"select";a:4:{i:0;s:4:"nama";i:1;s:13:"jenis_kelamin";i:2;s:4:"telp";i:3;s:9:"is_active";}s:5:"limit";s:2:"25";s:4:"page";s:1:"0";}', '200'),
	(528, '127.0.0.1', 1, 'Ibeffaro', '2023-04-04 16:45:38', 'Mengakses http://localhost/agenx/data-order', 'GET', '', '200'),
	(529, '127.0.0.1', 1, 'Ibeffaro', '2023-04-04 16:45:38', 'Mengakses http://localhost/agenx/data_order/data', 'GET', 'a:3:{s:6:"select";a:4:{i:0;s:4:"nama";i:1;s:13:"jenis_kelamin";i:2;s:4:"telp";i:3;s:9:"is_active";}s:5:"limit";s:2:"25";s:4:"page";s:1:"0";}', '200'),
	(530, '127.0.0.1', 1, 'Ibeffaro', '2023-04-04 16:45:38', 'Mengakses http://localhost/agenx/data-order', 'GET', '', '200'),
	(531, '127.0.0.1', 1, 'Ibeffaro', '2023-04-04 16:45:38', 'Mengakses http://localhost/agenx/data_order/data', 'GET', 'a:3:{s:6:"select";a:4:{i:0;s:4:"nama";i:1;s:13:"jenis_kelamin";i:2;s:4:"telp";i:3;s:9:"is_active";}s:5:"limit";s:2:"25";s:4:"page";s:1:"0";}', '200'),
	(532, '127.0.0.1', 1, 'Ibeffaro', '2023-04-04 16:45:39', 'Mengakses http://localhost/agenx/data-order', 'GET', '', '200'),
	(533, '127.0.0.1', 1, 'Ibeffaro', '2023-04-04 16:45:39', 'Mengakses http://localhost/agenx/data_order/data', 'GET', 'a:3:{s:6:"select";a:4:{i:0;s:4:"nama";i:1;s:13:"jenis_kelamin";i:2;s:4:"telp";i:3;s:9:"is_active";}s:5:"limit";s:2:"25";s:4:"page";s:1:"0";}', '200'),
	(534, '127.0.0.1', 1, 'Ibeffaro', '2023-04-04 16:46:01', 'Mengakses http://localhost/agenx/development/menu', 'GET', '', '200'),
	(535, '127.0.0.1', 1, 'Ibeffaro', '2023-04-04 16:46:01', 'Mengakses http://localhost/agenx/development/menu/data', 'GET', '', '200'),
	(536, '127.0.0.1', 1, 'Ibeffaro', '2023-04-04 16:46:29', 'Mengakses http://localhost/agenx/development/menu/save', 'POST', 'a:13:{s:2:"id";s:0:"";s:9:"parent_id";s:0:"";s:4:"nama";s:11:"Data Master";s:9:"deskripsi";s:0:"";s:6:"target";s:11:"data_master";s:11:"_additional";s:0:"";s:3:"ref";s:0:"";s:4:"icon";s:11:"fa-database";s:6:"urutan";s:1:"1";s:9:"is_active";s:1:"1";s:6:"_input";s:0:"";s:5:"_edit";s:0:"";s:7:"_delete";s:0:"";}', '200'),
	(537, '127.0.0.1', 1, 'Ibeffaro', '2023-04-04 16:46:29', 'Mengakses http://localhost/agenx/development/menu/data', 'GET', '', '200'),
	(538, '127.0.0.1', 1, 'Ibeffaro', '2023-04-04 16:46:33', 'Mengakses http://localhost/agenx/development/menu/get-data', 'GET', 'a:1:{s:2:"id";s:2:"11";}', '200'),
	(539, '127.0.0.1', 1, 'Ibeffaro', '2023-04-04 16:46:54', 'Mengakses http://localhost/agenx/development/menu/save', 'POST', 'a:13:{s:2:"id";s:2:"11";s:4:"nama";s:5:"Order";s:9:"deskripsi";s:0:"";s:6:"target";s:5:"order";s:5:"_edit";s:1:"1";s:7:"_delete";s:1:"1";s:11:"_additional";s:0:"";s:3:"ref";s:0:"";s:4:"icon";s:14:"fa-first-order";s:6:"urutan";s:1:"1";s:9:"is_active";s:1:"1";s:6:"_input";s:0:"";s:9:"parent_id";s:0:"";}', '200'),
	(540, '127.0.0.1', 1, 'Ibeffaro', '2023-04-04 16:46:55', 'Mengakses http://localhost/agenx/development/menu/data', 'GET', '', '200'),
	(541, '127.0.0.1', 1, 'Ibeffaro', '2023-04-04 16:47:01', 'Mengakses http://localhost/agenx/development/menu/get-data', 'GET', 'a:1:{s:2:"id";s:2:"12";}', '200'),
	(542, '127.0.0.1', 1, 'Ibeffaro', '2023-04-04 16:47:07', 'Mengakses http://localhost/agenx/development/menu/save', 'POST', 'a:13:{s:2:"id";s:2:"12";s:9:"parent_id";s:2:"13";s:4:"nama";s:8:"Check In";s:9:"deskripsi";s:0:"";s:6:"target";s:7:"checkin";s:6:"_input";s:1:"1";s:11:"_additional";s:0:"";s:3:"ref";s:0:"";s:4:"icon";s:15:"fa-check-square";s:6:"urutan";s:1:"2";s:9:"is_active";s:1:"1";s:5:"_edit";s:0:"";s:7:"_delete";s:0:"";}', '200'),
	(543, '127.0.0.1', 1, 'Ibeffaro', '2023-04-04 16:47:08', 'Mengakses http://localhost/agenx/development/menu/data', 'GET', '', '200'),
	(544, '127.0.0.1', 1, 'Ibeffaro', '2023-04-04 16:47:12', 'Mengakses http://localhost/agenx/development/menu/get-data', 'GET', 'a:1:{s:2:"id";s:2:"11";}', '200'),
	(545, '127.0.0.1', 1, 'Ibeffaro', '2023-04-04 16:47:16', 'Mengakses http://localhost/agenx/development/menu/save', 'POST', 'a:13:{s:2:"id";s:2:"11";s:9:"parent_id";s:2:"13";s:4:"nama";s:5:"Order";s:9:"deskripsi";s:0:"";s:6:"target";s:5:"order";s:5:"_edit";s:1:"1";s:7:"_delete";s:1:"1";s:11:"_additional";s:0:"";s:3:"ref";s:0:"";s:4:"icon";s:14:"fa-first-order";s:6:"urutan";s:1:"1";s:9:"is_active";s:1:"1";s:6:"_input";s:0:"";}', '200'),
	(546, '127.0.0.1', 1, 'Ibeffaro', '2023-04-04 16:47:17', 'Mengakses http://localhost/agenx/development/menu/data', 'GET', '', '200'),
	(547, '127.0.0.1', 1, 'Ibeffaro', '2023-04-04 16:47:23', 'Mengakses http://localhost/agenx/settings/user-roles', 'GET', '', '200'),
	(548, '127.0.0.1', 1, 'Ibeffaro', '2023-04-04 16:47:24', 'Mengakses http://localhost/agenx/settings/user-roles/data', 'GET', 'a:3:{s:6:"select";a:3:{i:0;s:4:"nama";i:1;s:10:"keterangan";i:2;s:9:"is_active";}s:5:"limit";s:2:"25";s:4:"page";s:1:"0";}', '200'),
	(549, '127.0.0.1', 1, 'Ibeffaro', '2023-04-04 16:47:26', 'Mengakses http://localhost/agenx/settings/user-roles/get-data', 'GET', 'a:1:{s:2:"id";s:1:"1";}', '200'),
	(550, '127.0.0.1', 1, 'Ibeffaro', '2023-04-04 16:47:50', 'Mengakses http://localhost/agenx/settings/user-roles/save', 'POST', 'a:5:{s:2:"id";s:1:"1";s:4:"nama";s:4:"Root";s:10:"keterangan";s:18:"Role Web Developer";s:15:"id_menu_default";s:1:"0";s:9:"is_active";s:1:"1";}', '200'),
	(551, '127.0.0.1', 1, 'Ibeffaro', '2023-04-04 16:47:51', 'Mengakses http://localhost/agenx/settings/user-roles/data', 'GET', 'a:3:{s:6:"select";a:3:{i:0;s:4:"nama";i:1;s:10:"keterangan";i:2;s:9:"is_active";}s:5:"limit";s:2:"25";s:4:"page";s:1:"1";}', '200'),
	(552, '127.0.0.1', 1, 'Ibeffaro', '2023-04-04 16:47:53', 'Mengakses http://localhost/agenx/settings/user-roles', 'GET', '', '200'),
	(553, '127.0.0.1', 1, 'Ibeffaro', '2023-04-04 16:47:53', 'Mengakses http://localhost/agenx/settings/user-roles/data', 'GET', 'a:3:{s:6:"select";a:3:{i:0;s:4:"nama";i:1;s:10:"keterangan";i:2;s:9:"is_active";}s:5:"limit";s:2:"25";s:4:"page";s:1:"0";}', '200'),
	(554, '127.0.0.1', 1, 'Ibeffaro', '2023-04-04 16:47:56', 'Mengakses http://localhost/agenx/data-master/order', 'GET', '', '404'),
	(555, '127.0.0.1', 1, 'Ibeffaro', '2023-04-04 16:48:45', 'Mengakses http://localhost/agenx/data-master/order', 'GET', '', '200'),
	(556, '127.0.0.1', 1, 'Ibeffaro', '2023-04-04 16:48:45', 'Mengakses http://localhost/agenx/data_order/data', 'GET', 'a:3:{s:6:"select";a:4:{i:0;s:4:"nama";i:1;s:13:"jenis_kelamin";i:2;s:4:"telp";i:3;s:9:"is_active";}s:5:"limit";s:2:"25";s:4:"page";s:1:"0";}', '404'),
	(557, '127.0.0.1', 1, 'Ibeffaro', '2023-04-04 16:49:03', 'Mengakses http://localhost/agenx/data-master/order', 'GET', '', '200'),
	(558, '127.0.0.1', 1, 'Ibeffaro', '2023-04-04 16:49:03', 'Mengakses http://localhost/agenx/data_master/order/data', 'GET', 'a:3:{s:6:"select";a:4:{i:0;s:4:"nama";i:1;s:13:"jenis_kelamin";i:2;s:4:"telp";i:3;s:9:"is_active";}s:5:"limit";s:2:"25";s:4:"page";s:1:"0";}', '404'),
	(559, '127.0.0.1', 1, 'Ibeffaro', '2023-04-04 16:49:33', 'Mengakses http://localhost/agenx/data-master/order', 'GET', '', '200'),
	(560, '127.0.0.1', 1, 'Ibeffaro', '2023-04-04 16:49:33', 'Mengakses http://localhost/agenx/data-master/order/data', 'GET', 'a:3:{s:6:"select";a:4:{i:0;s:4:"nama";i:1;s:13:"jenis_kelamin";i:2;s:4:"telp";i:3;s:9:"is_active";}s:5:"limit";s:2:"25";s:4:"page";s:1:"0";}', '404'),
	(561, '127.0.0.1', 1, 'Ibeffaro', '2023-04-04 16:49:56', 'Mengakses http://localhost/agenx/data-master/order', 'GET', '', '200'),
	(562, '127.0.0.1', 1, 'Ibeffaro', '2023-04-04 16:50:13', 'Mengakses http://localhost/agenx/data-master/order', 'GET', '', '200'),
	(563, '127.0.0.1', 1, 'Ibeffaro', '2023-04-04 16:50:14', 'Mengakses http://localhost/agenx/data-master/order', 'GET', '', '200'),
	(564, '127.0.0.1', 1, 'Ibeffaro', '2023-04-04 16:50:24', 'Mengakses http://localhost/agenx/data-master/order', 'GET', '', '200'),
	(565, '127.0.0.1', 1, 'Ibeffaro', '2023-04-04 16:50:38', 'Mengakses http://localhost/agenx/data-master/order', 'GET', '', '200'),
	(566, '127.0.0.1', 1, 'Ibeffaro', '2023-04-04 16:50:39', 'Mengakses http://localhost/agenx/data-master/order', 'GET', '', '200'),
	(567, '127.0.0.1', 1, 'Ibeffaro', '2023-04-04 16:50:40', 'Mengakses http://localhost/agenx/data-master/order', 'GET', '', '200'),
	(568, '127.0.0.1', 1, 'Ibeffaro', '2023-04-04 16:51:14', 'Mengakses http://localhost/agenx/data-master/order', 'GET', '', '200'),
	(569, '127.0.0.1', 1, 'Ibeffaro', '2023-04-04 16:51:15', 'Mengakses http://localhost/agenx/data-master/order', 'GET', '', '200'),
	(570, '127.0.0.1', 1, 'Ibeffaro', '2023-04-04 16:51:48', 'Mengakses http://localhost/agenx/data-master/order', 'GET', '', '200'),
	(571, '127.0.0.1', 1, 'Ibeffaro', '2023-04-04 16:51:50', 'Mengakses http://localhost/agenx/data-master/order', 'GET', '', '200'),
	(572, '127.0.0.1', 1, 'Ibeffaro', '2023-04-04 16:52:32', 'Mengakses http://localhost/agenx/data-master/order', 'GET', '', '200'),
	(573, '127.0.0.1', 1, 'Ibeffaro', '2023-04-04 16:52:45', 'Mengakses http://localhost/agenx/data-master/order', 'GET', '', '200'),
	(574, '127.0.0.1', 1, 'Ibeffaro', '2023-04-04 16:53:11', 'Mengakses http://localhost/agenx/data-master/order', 'GET', '', '200'),
	(575, '127.0.0.1', 1, 'Ibeffaro', '2023-04-04 16:53:12', 'Mengakses http://localhost/agenx/data-master/order', 'GET', '', '200'),
	(576, '127.0.0.1', 1, 'Ibeffaro', '2023-04-04 16:53:12', 'Mengakses http://localhost/agenx/data-master/order', 'GET', '', '200'),
	(577, '127.0.0.1', 1, 'Ibeffaro', '2023-04-04 16:54:19', 'Mengakses http://localhost/agenx/data-master/order', 'GET', '', '200'),
	(578, '127.0.0.1', 1, 'Ibeffaro', '2023-04-04 16:54:20', 'Mengakses http://localhost/agenx/data-master/order', 'GET', '', '200'),
	(579, '127.0.0.1', 1, 'Ibeffaro', '2023-04-04 16:54:21', 'Mengakses http://localhost/agenx/data-master/order', 'GET', '', '200'),
	(580, '127.0.0.1', 1, 'Ibeffaro', '2023-04-04 16:54:42', 'Mengakses http://localhost/agenx/data-master/order', 'GET', '', '200'),
	(581, '127.0.0.1', 1, 'Ibeffaro', '2023-04-04 16:54:43', 'Mengakses http://localhost/agenx/data-master/order', 'GET', '', '200'),
	(582, '127.0.0.1', 1, 'Ibeffaro', '2023-04-04 16:54:44', 'Mengakses http://localhost/agenx/data-master/order', 'GET', '', '200'),
	(583, '127.0.0.1', 1, 'Ibeffaro', '2023-04-04 16:55:07', 'Mengakses http://localhost/agenx/data-master/order', 'GET', '', '200'),
	(584, '127.0.0.1', 1, 'Ibeffaro', '2023-04-04 16:55:07', 'Mengakses http://localhost/agenx/data-master/order/data', 'GET', 'a:3:{s:6:"select";a:4:{i:0;s:4:"nama";i:1;s:13:"jenis_kelamin";i:2;s:4:"telp";i:3;s:9:"is_active";}s:5:"limit";s:2:"25";s:4:"page";s:1:"0";}', '404'),
	(585, '127.0.0.1', 1, 'Ibeffaro', '2023-04-04 16:55:19', 'Mengakses http://localhost/agenx/data-master/order', 'GET', '', '200'),
	(586, '127.0.0.1', 1, 'Ibeffaro', '2023-04-04 16:55:19', 'Mengakses http://localhost/agenx/data-master/order/data', 'GET', 'a:3:{s:6:"select";a:4:{i:0;s:4:"nama";i:1;s:13:"jenis_kelamin";i:2;s:4:"telp";i:3;s:9:"is_active";}s:5:"limit";s:2:"25";s:4:"page";s:1:"0";}', '404'),
	(587, '127.0.0.1', 1, 'Ibeffaro', '2023-04-04 16:55:44', 'Mengakses http://localhost/agenx/data-master/order', 'GET', '', '200'),
	(588, '127.0.0.1', 1, 'Ibeffaro', '2023-04-04 16:55:44', 'Mengakses http://localhost/agenx/data-master/order/data', 'GET', 'a:3:{s:6:"select";a:4:{i:0;s:4:"nama";i:1;s:13:"jenis_kelamin";i:2;s:4:"telp";i:3;s:9:"is_active";}s:5:"limit";s:2:"25";s:4:"page";s:1:"0";}', '404'),
	(589, '127.0.0.1', 1, 'Ibeffaro', '2023-04-04 16:56:09', 'Mengakses http://localhost/agenx/data-master/order', 'GET', '', '404'),
	(590, '127.0.0.1', 1, 'Ibeffaro', '2023-04-04 16:56:32', 'Mengakses http://localhost/agenx/data-master/order', 'GET', '', '200'),
	(591, '127.0.0.1', 1, 'Ibeffaro', '2023-04-04 16:56:53', 'Mengakses http://localhost/agenx/settings/user-roles', 'GET', '', '200'),
	(592, '127.0.0.1', 1, 'Ibeffaro', '2023-04-04 16:56:53', 'Mengakses http://localhost/agenx/settings/user-roles/data', 'GET', 'a:3:{s:6:"select";a:3:{i:0;s:4:"nama";i:1;s:10:"keterangan";i:2;s:9:"is_active";}s:5:"limit";s:2:"25";s:4:"page";s:1:"0";}', '200'),
	(593, '127.0.0.1', 1, 'Ibeffaro', '2023-04-04 16:56:56', 'Mengakses http://localhost/agenx/development/menu', 'GET', '', '200'),
	(594, '127.0.0.1', 1, 'Ibeffaro', '2023-04-04 16:56:57', 'Mengakses http://localhost/agenx/development/menu/data', 'GET', '', '200'),
	(595, '127.0.0.1', 1, 'Ibeffaro', '2023-04-04 16:57:01', 'Mengakses http://localhost/agenx/development/menu/get-data', 'GET', 'a:1:{s:2:"id";s:1:"4";}', '200'),
	(596, '127.0.0.1', 1, 'Ibeffaro', '2023-04-04 16:57:08', 'Mengakses http://localhost/agenx/development/menu/get-data', 'GET', 'a:1:{s:2:"id";s:2:"12";}', '200'),
	(597, '127.0.0.1', 1, 'Ibeffaro', '2023-04-04 16:57:16', 'Mengakses http://localhost/agenx/development/menu/get-data', 'GET', 'a:1:{s:2:"id";s:2:"13";}', '200'),
	(598, '127.0.0.1', 1, 'Ibeffaro', '2023-04-04 16:57:20', 'Mengakses http://localhost/agenx/development/menu/save', 'POST', 'a:13:{s:2:"id";s:2:"13";s:4:"nama";s:11:"Data Master";s:9:"deskripsi";s:0:"";s:6:"target";s:11:"data_master";s:11:"_additional";s:0:"";s:3:"ref";s:0:"";s:4:"icon";s:11:"fa-database";s:6:"urutan";s:1:"1";s:9:"is_active";s:1:"1";s:6:"_input";s:0:"";s:5:"_edit";s:0:"";s:7:"_delete";s:0:"";s:9:"parent_id";s:0:"";}', '200'),
	(599, '127.0.0.1', 1, 'Ibeffaro', '2023-04-04 16:57:21', 'Mengakses http://localhost/agenx/development/menu/data', 'GET', '', '200'),
	(600, '127.0.0.1', 1, 'Ibeffaro', '2023-04-04 16:57:23', 'Mengakses http://localhost/agenx/development/menu', 'GET', '', '200'),
	(601, '127.0.0.1', 1, 'Ibeffaro', '2023-04-04 16:57:23', 'Mengakses http://localhost/agenx/development/menu/data', 'GET', '', '200'),
	(602, '127.0.0.1', 1, 'Ibeffaro', '2023-04-04 16:58:28', 'Mengakses http://localhost/agenx/development/menu', 'GET', '', '200'),
	(603, '127.0.0.1', 1, 'Ibeffaro', '2023-04-04 16:58:29', 'Mengakses http://localhost/agenx/development/menu/data', 'GET', '', '200'),
	(604, '127.0.0.1', 1, 'Ibeffaro', '2023-04-04 16:58:31', 'Mengakses http://localhost/agenx/data-master/order', 'GET', '', '200'),
	(605, '127.0.0.1', 1, 'Ibeffaro', '2023-04-04 16:58:38', 'Mengakses http://localhost/agenx/data-master/order', 'GET', '', '200'),
	(606, '127.0.0.1', 1, 'Ibeffaro', '2023-04-04 17:00:11', 'Mengakses http://localhost/agenx/data-master/order', 'GET', '', '200'),
	(607, '127.0.0.1', 1, 'Ibeffaro', '2023-04-04 17:00:50', 'Mengakses http://localhost/agenx/development/menu', 'GET', '', '200'),
	(608, '127.0.0.1', 1, 'Ibeffaro', '2023-04-04 17:00:50', 'Mengakses http://localhost/agenx/development/menu/data', 'GET', '', '200'),
	(609, '127.0.0.1', 1, 'Ibeffaro', '2023-04-04 17:00:53', 'Mengakses http://localhost/agenx/development/menu/get-data', 'GET', 'a:1:{s:2:"id";s:2:"13";}', '200'),
	(610, '127.0.0.1', 1, 'Ibeffaro', '2023-04-04 17:00:58', 'Mengakses http://localhost/agenx/development/menu/save', 'POST', 'a:13:{s:2:"id";s:2:"13";s:4:"nama";s:11:"Data Master";s:9:"deskripsi";s:0:"";s:6:"target";s:6:"master";s:11:"_additional";s:0:"";s:3:"ref";s:0:"";s:4:"icon";s:11:"fa-database";s:6:"urutan";s:1:"1";s:9:"is_active";s:1:"1";s:6:"_input";s:0:"";s:5:"_edit";s:0:"";s:7:"_delete";s:0:"";s:9:"parent_id";s:0:"";}', '200'),
	(611, '127.0.0.1', 1, 'Ibeffaro', '2023-04-04 17:00:59', 'Mengakses http://localhost/agenx/development/menu/data', 'GET', '', '200'),
	(612, '127.0.0.1', 1, 'Ibeffaro', '2023-04-04 17:01:01', 'Mengakses http://localhost/agenx/development/menu/get-data', 'GET', 'a:1:{s:2:"id";s:2:"11";}', '200'),
	(613, '127.0.0.1', 1, 'Ibeffaro', '2023-04-04 17:01:03', 'Mengakses http://localhost/agenx/development/menu/save', 'POST', 'a:13:{s:2:"id";s:2:"11";s:9:"parent_id";s:2:"13";s:4:"nama";s:5:"Order";s:9:"deskripsi";s:0:"";s:6:"target";s:5:"order";s:5:"_edit";s:1:"1";s:7:"_delete";s:1:"1";s:11:"_additional";s:0:"";s:3:"ref";s:0:"";s:4:"icon";s:14:"fa-first-order";s:6:"urutan";s:1:"1";s:9:"is_active";s:1:"1";s:6:"_input";s:0:"";}', '200'),
	(614, '127.0.0.1', 1, 'Ibeffaro', '2023-04-04 17:01:04', 'Mengakses http://localhost/agenx/development/menu/data', 'GET', '', '200'),
	(615, '127.0.0.1', 1, 'Ibeffaro', '2023-04-04 17:01:06', 'Mengakses http://localhost/agenx/development/menu/get-data', 'GET', 'a:1:{s:2:"id";s:2:"12";}', '200'),
	(616, '127.0.0.1', 1, 'Ibeffaro', '2023-04-04 17:01:07', 'Mengakses http://localhost/agenx/development/menu/save', 'POST', 'a:13:{s:2:"id";s:2:"12";s:9:"parent_id";s:2:"13";s:4:"nama";s:8:"Check In";s:9:"deskripsi";s:0:"";s:6:"target";s:7:"checkin";s:6:"_input";s:1:"1";s:11:"_additional";s:0:"";s:3:"ref";s:0:"";s:4:"icon";s:15:"fa-check-square";s:6:"urutan";s:1:"2";s:9:"is_active";s:1:"1";s:5:"_edit";s:0:"";s:7:"_delete";s:0:"";}', '200'),
	(617, '127.0.0.1', 1, 'Ibeffaro', '2023-04-04 17:01:08', 'Mengakses http://localhost/agenx/development/menu/data', 'GET', '', '200'),
	(618, '127.0.0.1', 1, 'Ibeffaro', '2023-04-04 17:01:12', 'Mengakses http://localhost/agenx/development/manajemen-database', 'GET', '', '200'),
	(619, '127.0.0.1', 1, 'Ibeffaro', '2023-04-04 17:01:14', 'Mengakses http://localhost/agenx/development/menu', 'GET', '', '200'),
	(620, '127.0.0.1', 1, 'Ibeffaro', '2023-04-04 17:01:14', 'Mengakses http://localhost/agenx/development/menu/data', 'GET', '', '200'),
	(621, '127.0.0.1', 1, 'Ibeffaro', '2023-04-04 17:01:21', 'Mengakses http://localhost/agenx/master/order', 'GET', '', '404'),
	(622, '127.0.0.1', 1, 'Ibeffaro', '2023-04-04 17:01:36', 'Mengakses http://localhost/agenx/master/order', 'GET', '', '200'),
	(623, '127.0.0.1', 1, 'Ibeffaro', '2023-04-04 17:01:37', 'Mengakses http://localhost/agenx/data_master', 'GET', 'a:3:{s:6:"select";a:4:{i:0;s:4:"nama";i:1;s:13:"jenis_kelamin";i:2;s:4:"telp";i:3;s:9:"is_active";}s:5:"limit";s:2:"25";s:4:"page";s:1:"0";}', '404'),
	(624, '127.0.0.1', 1, 'Ibeffaro', '2023-04-04 17:01:41', 'Mengakses http://localhost/agenx/master/order', 'GET', '', '200'),
	(625, '127.0.0.1', 1, 'Ibeffaro', '2023-04-04 17:01:42', 'Mengakses http://localhost/agenx/data_master', 'GET', 'a:3:{s:6:"select";a:4:{i:0;s:4:"nama";i:1;s:13:"jenis_kelamin";i:2;s:4:"telp";i:3;s:9:"is_active";}s:5:"limit";s:2:"25";s:4:"page";s:1:"0";}', '404'),
	(626, '127.0.0.1', 1, 'Ibeffaro', '2023-04-04 17:02:02', 'Mengakses http://localhost/agenx/master/order', 'GET', '', '200'),
	(627, '127.0.0.1', 1, 'Ibeffaro', '2023-04-04 17:02:03', 'Mengakses http://localhost/agenx/master/order/data', 'GET', 'a:3:{s:6:"select";a:4:{i:0;s:4:"nama";i:1;s:13:"jenis_kelamin";i:2;s:4:"telp";i:3;s:9:"is_active";}s:5:"limit";s:2:"25";s:4:"page";s:1:"0";}', '200'),
	(628, '127.0.0.1', 1, 'Ibeffaro', '2023-04-04 17:02:13', 'Mengakses http://localhost/agenx/master/checkin', 'GET', '', '404'),
	(629, '127.0.0.1', 1, 'Ibeffaro', '2023-04-04 17:03:23', 'Mengakses http://localhost/agenx/master/checkin', 'GET', '', '200'),
	(630, '127.0.0.1', 1, 'Ibeffaro', '2023-04-04 17:03:23', 'Mengakses http://localhost/agenx/master/checkin/data', 'GET', 'a:3:{s:6:"select";a:4:{i:0;s:4:"nama";i:1;s:13:"jenis_kelamin";i:2;s:4:"telp";i:3;s:9:"is_active";}s:5:"limit";s:2:"25";s:4:"page";s:1:"0";}', '200'),
	(631, '127.0.0.1', 1, 'Ibeffaro', '2023-04-04 17:03:28', 'Mengakses http://localhost/agenx/master/order', 'GET', '', '200'),
	(632, '127.0.0.1', 1, 'Ibeffaro', '2023-04-04 17:03:29', 'Mengakses http://localhost/agenx/master/order/data', 'GET', 'a:3:{s:6:"select";a:4:{i:0;s:4:"nama";i:1;s:13:"jenis_kelamin";i:2;s:4:"telp";i:3;s:9:"is_active";}s:5:"limit";s:2:"25";s:4:"page";s:1:"0";}', '200'),
	(633, '127.0.0.1', 1, 'Ibeffaro', '2023-04-04 17:03:45', 'Mengakses http://localhost/agenx/master/order', 'GET', '', '200'),
	(634, '127.0.0.1', 1, 'Ibeffaro', '2023-04-04 17:03:45', 'Mengakses http://localhost/agenx/master/order/data', 'GET', 'a:3:{s:6:"select";a:4:{i:0;s:4:"nama";i:1;s:13:"jenis_kelamin";i:2;s:4:"telp";i:3;s:9:"is_active";}s:5:"limit";s:2:"25";s:4:"page";s:1:"0";}', '200'),
	(635, '127.0.0.1', 1, 'Ibeffaro', '2023-04-04 17:03:55', 'Mengakses http://localhost/agenx/master/order', 'GET', '', '200'),
	(636, '127.0.0.1', 1, 'Ibeffaro', '2023-04-04 17:03:56', 'Mengakses http://localhost/agenx/master/order/data', 'GET', 'a:3:{s:6:"select";a:4:{i:0;s:4:"nama";i:1;s:13:"jenis_kelamin";i:2;s:4:"telp";i:3;s:9:"is_active";}s:5:"limit";s:2:"25";s:4:"page";s:1:"0";}', '200'),
	(637, '127.0.0.1', 1, 'Ibeffaro', '2023-04-04 17:04:38', 'Mengakses http://localhost/agenx/master/order', 'GET', '', '200'),
	(638, '127.0.0.1', 1, 'Ibeffaro', '2023-04-04 17:04:39', 'Mengakses http://localhost/agenx/master/order/data', 'GET', 'a:3:{s:6:"select";a:4:{i:0;s:4:"nama";i:1;s:13:"jenis_kelamin";i:2;s:4:"telp";i:3;s:9:"is_active";}s:5:"limit";s:2:"25";s:4:"page";s:1:"0";}', '200'),
	(639, '127.0.0.1', 1, 'Ibeffaro', '2023-04-04 17:07:54', 'Mengakses http://localhost/agenx/master/order', 'GET', '', '200'),
	(640, '127.0.0.1', 1, 'Ibeffaro', '2023-04-04 17:07:55', 'Mengakses http://localhost/agenx/master/order/data', 'GET', 'a:3:{s:6:"select";a:4:{i:0;s:4:"nama";i:1;s:13:"jenis_kelamin";i:2;s:4:"telp";i:3;s:9:"is_active";}s:5:"limit";s:2:"25";s:4:"page";s:1:"0";}', '200'),
	(641, '127.0.0.1', 1, 'Ibeffaro', '2023-04-04 17:08:27', 'Mengakses http://localhost/agenx/master/order', 'GET', '', '200'),
	(642, '127.0.0.1', 1, 'Ibeffaro', '2023-04-04 17:08:27', 'Mengakses http://localhost/agenx/master/order/data', 'GET', 'a:3:{s:6:"select";a:4:{i:0;s:4:"nama";i:1;s:13:"jenis_kelamin";i:2;s:4:"telp";i:3;s:9:"is_active";}s:5:"limit";s:2:"25";s:4:"page";s:1:"0";}', '200'),
	(643, '127.0.0.1', 1, 'Ibeffaro', '2023-04-04 17:10:30', 'Mengakses http://localhost/agenx/master/order', 'GET', '', '200'),
	(644, '127.0.0.1', 1, 'Ibeffaro', '2023-04-04 17:10:31', 'Mengakses http://localhost/agenx/master/order/data', 'GET', 'a:3:{s:6:"select";a:4:{i:0;s:4:"nama";i:1;s:13:"jenis_kelamin";i:2;s:4:"telp";i:3;s:9:"is_active";}s:5:"limit";s:2:"25";s:4:"page";s:1:"0";}', '200'),
	(645, '127.0.0.1', 1, 'Ibeffaro', '2023-04-04 17:10:32', 'Mengakses http://localhost/agenx/master/order/get-data', 'GET', 'a:1:{s:2:"id";s:1:"1";}', '200'),
	(646, '127.0.0.1', 1, 'Ibeffaro', '2023-04-04 17:11:29', 'Mengakses http://localhost/agenx/master/order', 'GET', '', '200'),
	(647, '127.0.0.1', 1, 'Ibeffaro', '2023-04-04 17:11:30', 'Mengakses http://localhost/agenx/master/order/data', 'GET', 'a:3:{s:6:"select";a:4:{i:0;s:4:"nama";i:1;s:13:"jenis_kelamin";i:2;s:4:"telp";i:3;s:9:"is_active";}s:5:"limit";s:2:"25";s:4:"page";s:1:"0";}', '200'),
	(648, '127.0.0.1', 1, 'Ibeffaro', '2023-04-04 17:11:31', 'Mengakses http://localhost/agenx/master/order/get-data', 'GET', 'a:1:{s:2:"id";s:1:"1";}', '200'),
	(649, '127.0.0.1', 1, 'Ibeffaro', '2023-04-04 17:12:34', 'Mengakses http://localhost/agenx/master/order', 'GET', '', '200'),
	(650, '127.0.0.1', 1, 'Ibeffaro', '2023-04-04 17:12:35', 'Mengakses http://localhost/agenx/master/order/data', 'GET', 'a:3:{s:6:"select";a:4:{i:0;s:4:"nama";i:1;s:13:"jenis_kelamin";i:2;s:4:"telp";i:3;s:9:"is_active";}s:5:"limit";s:2:"25";s:4:"page";s:1:"0";}', '200'),
	(651, '127.0.0.1', 1, 'Ibeffaro', '2023-04-04 17:12:36', 'Mengakses http://localhost/agenx/master/order/get-data', 'GET', 'a:1:{s:2:"id";s:1:"1";}', '200'),
	(652, '127.0.0.1', 1, 'Ibeffaro', '2023-04-04 17:13:27', 'Mengakses http://localhost/agenx/master/order/get-data', 'GET', 'a:1:{s:2:"id";s:1:"1";}', '200'),
	(653, '127.0.0.1', 1, 'Ibeffaro', '2023-04-04 17:13:28', 'Mengakses http://localhost/agenx/master/order/get-data', 'GET', 'a:1:{s:2:"id";s:1:"1";}', '200'),
	(654, '127.0.0.1', 1, 'Ibeffaro', '2023-04-04 17:14:28', 'Mengakses http://localhost/agenx/master/order', 'GET', '', '200'),
	(655, '127.0.0.1', 1, 'Ibeffaro', '2023-04-04 17:14:29', 'Mengakses http://localhost/agenx/master/order/data', 'GET', 'a:3:{s:6:"select";a:4:{i:0;s:4:"nama";i:1;s:13:"jenis_kelamin";i:2;s:4:"telp";i:3;s:9:"is_active";}s:5:"limit";s:2:"25";s:4:"page";s:1:"0";}', '200'),
	(656, '127.0.0.1', 1, 'Ibeffaro', '2023-04-04 17:14:34', 'Mengakses http://localhost/agenx/master/order/get-data', 'GET', 'a:1:{s:2:"id";s:1:"1";}', '200'),
	(657, '127.0.0.1', 1, 'Ibeffaro', '2023-04-04 17:14:59', 'Mengakses http://localhost/agenx/master/order', 'GET', '', '200'),
	(658, '127.0.0.1', 1, 'Ibeffaro', '2023-04-04 17:14:59', 'Mengakses http://localhost/agenx/master/order/data', 'GET', 'a:3:{s:6:"select";a:4:{i:0;s:4:"nama";i:1;s:13:"jenis_kelamin";i:2;s:4:"telp";i:3;s:9:"is_active";}s:5:"limit";s:2:"25";s:4:"page";s:1:"0";}', '200'),
	(659, '127.0.0.1', 1, 'Ibeffaro', '2023-04-04 17:15:00', 'Mengakses http://localhost/agenx/master/order/get-data', 'GET', 'a:1:{s:2:"id";s:1:"1";}', '200'),
	(660, '127.0.0.1', 1, 'Ibeffaro', '2023-04-04 17:15:16', 'Mengakses http://localhost/agenx/master/order', 'GET', '', '200'),
	(661, '127.0.0.1', 1, 'Ibeffaro', '2023-04-04 17:15:17', 'Mengakses http://localhost/agenx/master/order/data', 'GET', 'a:3:{s:6:"select";a:4:{i:0;s:4:"nama";i:1;s:13:"jenis_kelamin";i:2;s:4:"telp";i:3;s:9:"is_active";}s:5:"limit";s:2:"25";s:4:"page";s:1:"0";}', '200'),
	(662, '127.0.0.1', 1, 'Ibeffaro', '2023-04-04 17:15:18', 'Mengakses http://localhost/agenx/master/order/get-data', 'GET', 'a:1:{s:2:"id";s:1:"1";}', '200'),
	(663, '127.0.0.1', 1, 'Ibeffaro', '2023-04-04 17:15:31', 'Mengakses http://localhost/agenx/master/order', 'GET', '', '200'),
	(664, '127.0.0.1', 1, 'Ibeffaro', '2023-04-04 17:15:32', 'Mengakses http://localhost/agenx/master/order/data', 'GET', 'a:3:{s:6:"select";a:4:{i:0;s:4:"nama";i:1;s:13:"jenis_kelamin";i:2;s:4:"telp";i:3;s:9:"is_active";}s:5:"limit";s:2:"25";s:4:"page";s:1:"0";}', '200'),
	(665, '127.0.0.1', 1, 'Ibeffaro', '2023-04-04 17:15:33', 'Mengakses http://localhost/agenx/master/order/get-data', 'GET', 'a:1:{s:2:"id";s:1:"1";}', '200'),
	(666, '127.0.0.1', 1, 'Ibeffaro', '2023-04-04 17:16:25', 'Mengakses http://localhost/agenx/welcome', 'GET', '', '200'),
	(667, '127.0.0.1', 1, 'Ibeffaro', '2023-04-04 17:16:36', 'Mengakses http://localhost/agenx/master/order/get-data', 'GET', 'a:1:{s:2:"id";s:1:"1";}', '200'),
	(668, '127.0.0.1', 1, 'Ibeffaro', '2023-04-04 17:17:03', 'Mengakses http://localhost/agenx/master/checkin', 'GET', '', '200'),
	(669, '127.0.0.1', 1, 'Ibeffaro', '2023-04-04 17:17:04', 'Mengakses http://localhost/agenx/master/checkin/data', 'GET', 'a:3:{s:6:"select";a:4:{i:0;s:4:"nama";i:1;s:13:"jenis_kelamin";i:2;s:4:"telp";i:3;s:9:"is_active";}s:5:"limit";s:2:"25";s:4:"page";s:1:"0";}', '200'),
	(670, '127.0.0.1', 1, 'Ibeffaro', '2023-04-04 17:17:24', 'Mengakses http://localhost/agenx/master/checkin', 'GET', '', '200'),
	(671, '127.0.0.1', 1, 'Ibeffaro', '2023-04-04 17:17:25', 'Mengakses http://localhost/agenx/master/checkin/data', 'GET', 'a:3:{s:6:"select";a:4:{i:0;s:4:"nama";i:1;s:13:"jenis_kelamin";i:2;s:4:"telp";i:3;s:9:"is_active";}s:5:"limit";s:2:"25";s:4:"page";s:1:"0";}', '200'),
	(672, '127.0.0.1', 1, 'Ibeffaro', '2023-04-04 17:17:30', 'Mengakses http://localhost/agenx/master/order', 'GET', '', '200'),
	(673, '127.0.0.1', 1, 'Ibeffaro', '2023-04-04 17:17:30', 'Mengakses http://localhost/agenx/master/order/data', 'GET', 'a:3:{s:6:"select";a:4:{i:0;s:4:"nama";i:1;s:13:"jenis_kelamin";i:2;s:4:"telp";i:3;s:9:"is_active";}s:5:"limit";s:2:"25";s:4:"page";s:1:"0";}', '200'),
	(674, '127.0.0.1', 1, 'Ibeffaro', '2023-04-04 17:18:01', 'Mengakses http://localhost/agenx/master/checkin', 'GET', '', '200'),
	(675, '127.0.0.1', 1, 'Ibeffaro', '2023-04-04 17:18:02', 'Mengakses http://localhost/agenx/master/checkin/data', 'GET', 'a:3:{s:6:"select";a:3:{i:0;s:4:"nama";i:1;s:13:"jenis_kelamin";i:2;s:4:"telp";}s:5:"limit";s:2:"25";s:4:"page";s:1:"0";}', '200'),
	(676, '127.0.0.1', 1, 'Ibeffaro', '2023-04-04 17:18:19', 'Mengakses http://localhost/agenx/master/checkin', 'GET', '', '200'),
	(677, '127.0.0.1', 1, 'Ibeffaro', '2023-04-04 17:18:20', 'Mengakses http://localhost/agenx/master/checkin/data', 'GET', 'a:3:{s:6:"select";a:3:{i:0;s:4:"nama";i:1;s:13:"jenis_kelamin";i:2;s:4:"telp";}s:5:"limit";s:2:"25";s:4:"page";s:1:"0";}', '200'),
	(678, '127.0.0.1', 1, 'Ibeffaro', '2023-04-04 17:18:34', 'Mengakses http://localhost/agenx/master/checkin', 'GET', '', '200'),
	(679, '127.0.0.1', 1, 'Ibeffaro', '2023-04-04 17:18:34', 'Mengakses http://localhost/agenx/master/checkin/data', 'GET', 'a:3:{s:6:"select";a:3:{i:0;s:4:"nama";i:1;s:13:"jenis_kelamin";i:2;s:4:"telp";}s:5:"limit";s:2:"25";s:4:"page";s:1:"0";}', '200'),
	(680, '127.0.0.1', 1, 'Ibeffaro', '2023-04-04 17:18:37', 'Mengakses http://localhost/agenx/master/checkin', 'GET', '', '200'),
	(681, '127.0.0.1', 1, 'Ibeffaro', '2023-04-04 17:18:38', 'Mengakses http://localhost/agenx/master/checkin/data', 'GET', 'a:3:{s:6:"select";a:3:{i:0;s:4:"nama";i:1;s:13:"jenis_kelamin";i:2;s:4:"telp";}s:5:"limit";s:2:"25";s:4:"page";s:1:"0";}', '200'),
	(682, '127.0.0.1', 1, 'Ibeffaro', '2023-04-04 17:18:38', 'Mengakses http://localhost/agenx/master/order', 'GET', '', '200'),
	(683, '127.0.0.1', 1, 'Ibeffaro', '2023-04-04 17:18:39', 'Mengakses http://localhost/agenx/master/order/data', 'GET', 'a:3:{s:6:"select";a:4:{i:0;s:4:"nama";i:1;s:13:"jenis_kelamin";i:2;s:4:"telp";i:3;s:9:"is_active";}s:5:"limit";s:2:"25";s:4:"page";s:1:"0";}', '200'),
	(684, '127.0.0.1', 1, 'Ibeffaro', '2023-04-04 17:19:01', 'Mengakses http://localhost/agenx/settings/user-roles', 'GET', '', '200'),
	(685, '127.0.0.1', 1, 'Ibeffaro', '2023-04-04 17:19:01', 'Mengakses http://localhost/agenx/settings/user-roles/data', 'GET', 'a:3:{s:6:"select";a:3:{i:0;s:4:"nama";i:1;s:10:"keterangan";i:2;s:9:"is_active";}s:5:"limit";s:2:"25";s:4:"page";s:1:"0";}', '200'),
	(686, '127.0.0.1', 1, 'Ibeffaro', '2023-04-04 17:19:03', 'Mengakses http://localhost/agenx/settings/user-roles/get-data', 'GET', 'a:1:{s:2:"id";s:1:"1";}', '200'),
	(687, '127.0.0.1', 1, 'Ibeffaro', '2023-04-04 17:20:16', 'Mengakses http://localhost/agenx/settings/user-roles/save', 'POST', 'a:5:{s:2:"id";s:1:"1";s:4:"nama";s:4:"Root";s:10:"keterangan";s:18:"Role Web Developer";s:15:"id_menu_default";s:1:"0";s:9:"is_active";s:1:"1";}', '200'),
	(688, '127.0.0.1', 1, 'Ibeffaro', '2023-04-04 17:20:17', 'Mengakses http://localhost/agenx/settings/user-roles/data', 'GET', 'a:3:{s:6:"select";a:3:{i:0;s:4:"nama";i:1;s:10:"keterangan";i:2;s:9:"is_active";}s:5:"limit";s:2:"25";s:4:"page";s:1:"1";}', '200'),
	(689, '127.0.0.1', 1, 'Ibeffaro', '2023-04-04 17:20:26', 'Mengakses http://localhost/agenx/settings/user-lists', 'GET', '', '200'),
	(690, '127.0.0.1', 1, 'Ibeffaro', '2023-04-04 17:20:26', 'Mengakses http://localhost/agenx/settings/user-lists/data', 'GET', 'a:3:{s:6:"select";a:6:{i:0;s:4:"nama";i:1;s:5:"email";i:2;s:4:"foto";i:3;s:8:"username";i:4;s:8:"id_group";i:5;s:9:"is_active";}s:5:"limit";s:2:"25";s:4:"page";s:1:"0";}', '200'),
	(691, '127.0.0.1', 1, 'Ibeffaro', '2023-04-04 17:20:45', 'Mengakses http://localhost/agenx/settings/user-roles', 'GET', '', '200'),
	(692, '127.0.0.1', 1, 'Ibeffaro', '2023-04-04 17:20:45', 'Mengakses http://localhost/agenx/settings/user-roles/data', 'GET', 'a:3:{s:6:"select";a:3:{i:0;s:4:"nama";i:1;s:10:"keterangan";i:2;s:9:"is_active";}s:5:"limit";s:2:"25";s:4:"page";s:1:"0";}', '200'),
	(693, '127.0.0.1', 1, 'Ibeffaro', '2023-04-04 17:20:46', 'Mengakses http://localhost/agenx/settings/user-lists', 'GET', '', '200'),
	(694, '127.0.0.1', 1, 'Ibeffaro', '2023-04-04 17:20:47', 'Mengakses http://localhost/agenx/settings/user-lists/data', 'GET', 'a:3:{s:6:"select";a:6:{i:0;s:4:"nama";i:1;s:5:"email";i:2;s:4:"foto";i:3;s:8:"username";i:4;s:8:"id_group";i:5;s:9:"is_active";}s:5:"limit";s:2:"25";s:4:"page";s:1:"0";}', '200'),
	(695, '127.0.0.1', 1, 'Ibeffaro', '2023-04-04 17:20:48', 'Mengakses http://localhost/agenx/master/checkin', 'GET', '', '200'),
	(696, '127.0.0.1', 1, 'Ibeffaro', '2023-04-04 17:20:49', 'Mengakses http://localhost/agenx/master/checkin/data', 'GET', 'a:3:{s:6:"select";a:3:{i:0;s:4:"nama";i:1;s:13:"jenis_kelamin";i:2;s:4:"telp";}s:5:"limit";s:2:"25";s:4:"page";s:1:"0";}', '200'),
	(697, '127.0.0.1', 1, 'Ibeffaro', '2023-04-04 17:20:50', 'Mengakses http://localhost/agenx/master/order', 'GET', '', '200'),
	(698, '127.0.0.1', 1, 'Ibeffaro', '2023-04-04 17:20:51', 'Mengakses http://localhost/agenx/master/order/data', 'GET', 'a:3:{s:6:"select";a:4:{i:0;s:4:"nama";i:1;s:13:"jenis_kelamin";i:2;s:4:"telp";i:3;s:9:"is_active";}s:5:"limit";s:2:"25";s:4:"page";s:1:"0";}', '200'),
	(699, '127.0.0.1', 1, 'Ibeffaro', '2023-04-04 17:20:55', 'Mengakses http://localhost/agenx/master/order', 'GET', '', '200'),
	(700, '127.0.0.1', 1, 'Ibeffaro', '2023-04-04 17:20:56', 'Mengakses http://localhost/agenx/master/order/data', 'GET', 'a:3:{s:6:"select";a:4:{i:0;s:4:"nama";i:1;s:13:"jenis_kelamin";i:2;s:4:"telp";i:3;s:9:"is_active";}s:5:"limit";s:2:"25";s:4:"page";s:1:"0";}', '200'),
	(701, '127.0.0.1', 1, 'Ibeffaro', '2023-04-04 17:20:56', 'Mengakses http://localhost/agenx/master/order', 'GET', '', '200'),
	(702, '127.0.0.1', 1, 'Ibeffaro', '2023-04-04 17:20:57', 'Mengakses http://localhost/agenx/master/order/data', 'GET', 'a:3:{s:6:"select";a:4:{i:0;s:4:"nama";i:1;s:13:"jenis_kelamin";i:2;s:4:"telp";i:3;s:9:"is_active";}s:5:"limit";s:2:"25";s:4:"page";s:1:"0";}', '200'),
	(703, '127.0.0.1', 1, 'Ibeffaro', '2023-04-04 17:20:57', 'Mengakses http://localhost/agenx/master/checkin', 'GET', '', '200'),
	(704, '127.0.0.1', 1, 'Ibeffaro', '2023-04-04 17:20:57', 'Mengakses http://localhost/agenx/master/checkin/data', 'GET', 'a:3:{s:6:"select";a:3:{i:0;s:4:"nama";i:1;s:13:"jenis_kelamin";i:2;s:4:"telp";}s:5:"limit";s:2:"25";s:4:"page";s:1:"0";}', '200'),
	(705, '127.0.0.1', 1, 'Ibeffaro', '2023-04-04 17:21:01', 'Mengakses http://localhost/agenx/settings/user-roles', 'GET', '', '200'),
	(706, '127.0.0.1', 1, 'Ibeffaro', '2023-04-04 17:21:02', 'Mengakses http://localhost/agenx/settings/user-roles/data', 'GET', 'a:3:{s:6:"select";a:3:{i:0;s:4:"nama";i:1;s:10:"keterangan";i:2;s:9:"is_active";}s:5:"limit";s:2:"25";s:4:"page";s:1:"0";}', '200'),
	(707, '127.0.0.1', 1, 'Ibeffaro', '2023-04-04 17:21:03', 'Mengakses http://localhost/agenx/settings/user-roles/get-data', 'GET', 'a:1:{s:2:"id";s:1:"1";}', '200'),
	(708, '127.0.0.1', 1, 'Ibeffaro', '2023-04-04 17:21:09', 'Mengakses http://localhost/agenx/settings/user-roles/get-data', 'GET', 'a:1:{s:2:"id";s:1:"2";}', '200'),
	(709, '127.0.0.1', 1, 'Ibeffaro', '2023-04-04 17:21:14', 'Mengakses http://localhost/agenx/settings/user-roles/save', 'POST', 'a:5:{s:2:"id";s:1:"2";s:4:"nama";s:11:"Super Admin";s:10:"keterangan";s:38:"Role khusus untuk Pengguna Super Admin";s:15:"id_menu_default";s:1:"0";s:9:"is_active";s:1:"1";}', '200'),
	(710, '127.0.0.1', 1, 'Ibeffaro', '2023-04-04 17:21:15', 'Mengakses http://localhost/agenx/settings/user-roles/data', 'GET', 'a:3:{s:6:"select";a:3:{i:0;s:4:"nama";i:1;s:10:"keterangan";i:2;s:9:"is_active";}s:5:"limit";s:2:"25";s:4:"page";s:1:"1";}', '200'),
	(711, '127.0.0.1', 1, 'Ibeffaro', '2023-04-04 17:21:18', 'Mengakses http://localhost/agenx/master/checkin', 'GET', '', '200'),
	(712, '127.0.0.1', 1, 'Ibeffaro', '2023-04-04 17:21:18', 'Mengakses http://localhost/agenx/master/checkin/data', 'GET', 'a:3:{s:6:"select";a:3:{i:0;s:4:"nama";i:1;s:13:"jenis_kelamin";i:2;s:4:"telp";}s:5:"limit";s:2:"25";s:4:"page";s:1:"0";}', '200'),
	(713, '127.0.0.1', 1, 'Ibeffaro', '2023-04-04 17:21:19', 'Mengakses http://localhost/agenx/master/order', 'GET', '', '200'),
	(714, '127.0.0.1', 1, 'Ibeffaro', '2023-04-04 17:21:20', 'Mengakses http://localhost/agenx/master/order/data', 'GET', 'a:3:{s:6:"select";a:4:{i:0;s:4:"nama";i:1;s:13:"jenis_kelamin";i:2;s:4:"telp";i:3;s:9:"is_active";}s:5:"limit";s:2:"25";s:4:"page";s:1:"0";}', '200'),
	(715, '127.0.0.1', 1, 'Ibeffaro', '2023-04-04 17:21:35', 'Mengakses http://localhost/agenx/master/order', 'GET', '', '200'),
	(716, '127.0.0.1', 1, 'Ibeffaro', '2023-04-04 17:21:35', 'Mengakses http://localhost/agenx/master/order/data', 'GET', 'a:3:{s:6:"select";a:4:{i:0;s:4:"nama";i:1;s:13:"jenis_kelamin";i:2;s:4:"telp";i:3;s:9:"is_active";}s:5:"limit";s:2:"25";s:4:"page";s:1:"0";}', '200'),
	(717, '127.0.0.1', 1, 'Ibeffaro', '2023-04-04 17:21:38', 'Mengakses http://localhost/agenx/master/checkin', 'GET', '', '200'),
	(718, '127.0.0.1', 1, 'Ibeffaro', '2023-04-04 17:21:38', 'Mengakses http://localhost/agenx/master/checkin/data', 'GET', 'a:3:{s:6:"select";a:3:{i:0;s:4:"nama";i:1;s:13:"jenis_kelamin";i:2;s:4:"telp";}s:5:"limit";s:2:"25";s:4:"page";s:1:"0";}', '200'),
	(719, '127.0.0.1', 1, 'Ibeffaro', '2023-04-04 17:25:30', 'Mengakses http://localhost/agenx/master/checkin', 'GET', '', '200'),
	(720, '127.0.0.1', 1, 'Ibeffaro', '2023-04-04 17:25:30', 'Mengakses http://localhost/agenx/master/checkin/data', 'GET', 'a:3:{s:6:"select";a:3:{i:0;s:4:"nama";i:1;s:13:"jenis_kelamin";i:2;s:4:"telp";}s:5:"limit";s:2:"25";s:4:"page";s:1:"0";}', '200'),
	(721, '127.0.0.1', 1, 'Ibeffaro', '2023-04-04 17:29:58', 'Mengakses http://localhost/agenx/master/checkin', 'GET', '', '200'),
	(722, '127.0.0.1', 1, 'Ibeffaro', '2023-04-04 17:29:58', 'Mengakses http://localhost/agenx/master/checkin/data', 'GET', 'a:3:{s:6:"select";a:3:{i:0;s:4:"nama";i:1;s:13:"jenis_kelamin";i:2;s:4:"telp";}s:5:"limit";s:2:"25";s:4:"page";s:1:"0";}', '200'),
	(723, '127.0.0.1', 1, 'Ibeffaro', '2023-04-04 17:30:00', 'Mengakses http://localhost/agenx/master/checkin', 'GET', '', '200'),
	(724, '127.0.0.1', 1, 'Ibeffaro', '2023-04-04 17:30:01', 'Mengakses http://localhost/agenx/master/checkin/data', 'GET', 'a:3:{s:6:"select";a:3:{i:0;s:4:"nama";i:1;s:13:"jenis_kelamin";i:2;s:4:"telp";}s:5:"limit";s:2:"25";s:4:"page";s:1:"0";}', '200'),
	(725, '127.0.0.1', 1, 'Ibeffaro', '2023-04-04 17:30:04', 'Mengakses http://localhost/agenx/master/order', 'GET', '', '200'),
	(726, '127.0.0.1', 1, 'Ibeffaro', '2023-04-04 17:30:04', 'Mengakses http://localhost/agenx/master/order/data', 'GET', 'a:3:{s:6:"select";a:4:{i:0;s:4:"nama";i:1;s:13:"jenis_kelamin";i:2;s:4:"telp";i:3;s:9:"is_active";}s:5:"limit";s:2:"25";s:4:"page";s:1:"0";}', '200'),
	(727, '127.0.0.1', 1, 'Ibeffaro', '2023-04-04 17:30:06', 'Mengakses http://localhost/agenx/master/order/get-data', 'GET', 'a:1:{s:2:"id";s:1:"1";}', '200'),
	(728, '127.0.0.1', 1, 'Ibeffaro', '2023-04-04 17:30:27', 'Mengakses http://localhost/agenx/master/order/save', 'POST', 'a:4:{s:2:"id";s:1:"1";s:4:"nama";s:4:"Cece";s:13:"jenis_kelamin";s:4:"Pria";s:4:"telp";s:10:"0987898789";}', '404'),
	(729, '127.0.0.1', 1, 'Ibeffaro', '2023-04-04 17:30:59', 'Mengakses http://localhost/agenx/master/order/save', 'POST', 'a:4:{s:2:"id";s:1:"1";s:4:"nama";s:4:"Cece";s:13:"jenis_kelamin";s:4:"Pria";s:4:"telp";s:10:"0987898789";}', '200'),
	(730, '127.0.0.1', 1, 'Ibeffaro', '2023-04-04 17:31:00', 'Mengakses http://localhost/agenx/master/order/data', 'GET', 'a:3:{s:6:"select";a:4:{i:0;s:4:"nama";i:1;s:13:"jenis_kelamin";i:2;s:4:"telp";i:3;s:9:"is_active";}s:5:"limit";s:2:"25";s:4:"page";s:1:"1";}', '200'),
	(731, '127.0.0.1', 1, 'Ibeffaro', '2023-04-04 17:31:03', 'Mengakses http://localhost/agenx/master/order/get-data', 'GET', 'a:1:{s:2:"id";s:1:"1";}', '200'),
	(732, '127.0.0.1', 1, 'Ibeffaro', '2023-04-04 17:31:08', 'Mengakses http://localhost/agenx/master/order/save', 'POST', 'a:4:{s:2:"id";s:1:"1";s:4:"nama";s:4:"Cece";s:13:"jenis_kelamin";s:4:"Pria";s:4:"telp";s:9:"098789889";}', '200'),
	(733, '127.0.0.1', 1, 'Ibeffaro', '2023-04-04 17:31:09', 'Mengakses http://localhost/agenx/master/order/data', 'GET', 'a:3:{s:6:"select";a:4:{i:0;s:4:"nama";i:1;s:13:"jenis_kelamin";i:2;s:4:"telp";i:3;s:9:"is_active";}s:5:"limit";s:2:"25";s:4:"page";s:1:"1";}', '200'),
	(734, '127.0.0.1', 1, 'Ibeffaro', '2023-04-04 17:31:11', 'Mengakses http://localhost/agenx/master/order/get-data', 'GET', 'a:1:{s:2:"id";s:1:"1";}', '200'),
	(735, '127.0.0.1', 1, 'Ibeffaro', '2023-04-04 17:32:41', 'Mengakses http://localhost/agenx/master/order/save', 'POST', 'a:4:{s:2:"id";s:1:"1";s:4:"nama";s:4:"Cece";s:13:"jenis_kelamin";s:6:"Wanita";s:4:"telp";s:8:"98789889";}', '200'),
	(736, '127.0.0.1', 1, 'Ibeffaro', '2023-04-04 17:32:42', 'Mengakses http://localhost/agenx/master/order/data', 'GET', 'a:3:{s:6:"select";a:4:{i:0;s:4:"nama";i:1;s:13:"jenis_kelamin";i:2;s:4:"telp";i:3;s:9:"is_active";}s:5:"limit";s:2:"25";s:4:"page";s:1:"1";}', '200'),
	(737, '127.0.0.1', 1, 'Ibeffaro', '2023-04-04 17:32:43', 'Mengakses http://localhost/agenx/master/order/get-data', 'GET', 'a:1:{s:2:"id";s:1:"1";}', '200'),
	(738, '127.0.0.1', 1, 'Ibeffaro', '2023-04-04 17:33:04', 'Mengakses http://localhost/agenx/master/order', 'GET', '', '200'),
	(739, '127.0.0.1', 1, 'Ibeffaro', '2023-04-04 17:33:05', 'Mengakses http://localhost/agenx/master/order/data', 'GET', 'a:3:{s:6:"select";a:4:{i:0;s:4:"nama";i:1;s:13:"jenis_kelamin";i:2;s:4:"telp";i:3;s:9:"is_active";}s:5:"limit";s:2:"25";s:4:"page";s:1:"0";}', '200'),
	(740, '127.0.0.1', 1, 'Ibeffaro', '2023-04-04 17:33:43', 'Mengakses http://localhost/agenx/master/order', 'GET', '', '200'),
	(741, '127.0.0.1', 1, 'Ibeffaro', '2023-04-04 17:33:43', 'Mengakses http://localhost/agenx/master/order/data', 'GET', 'a:3:{s:6:"select";a:4:{i:0;s:4:"nama";i:1;s:13:"jenis_kelamin";i:2;s:4:"telp";i:3;s:9:"is_active";}s:5:"limit";s:2:"25";s:4:"page";s:1:"0";}', '200'),
	(742, '127.0.0.1', 1, 'Ibeffaro', '2023-04-04 17:33:49', 'Mengakses http://localhost/agenx/master/order', 'GET', '', '200'),
	(743, '127.0.0.1', 1, 'Ibeffaro', '2023-04-04 17:33:49', 'Mengakses http://localhost/agenx/master/order/data', 'GET', 'a:3:{s:6:"select";a:4:{i:0;s:4:"nama";i:1;s:13:"jenis_kelamin";i:2;s:4:"telp";i:3;s:9:"is_active";}s:5:"limit";s:2:"25";s:4:"page";s:1:"0";}', '200'),
	(744, '127.0.0.1', 1, 'Ibeffaro', '2023-04-04 17:34:01', 'Mengakses http://localhost/agenx/master/order', 'GET', '', '200'),
	(745, '127.0.0.1', 1, 'Ibeffaro', '2023-04-04 17:34:02', 'Mengakses http://localhost/agenx/master/order/data', 'GET', 'a:3:{s:6:"select";a:4:{i:0;s:4:"nama";i:1;s:13:"jenis_kelamin";i:2;s:4:"telp";i:3;s:9:"is_active";}s:5:"limit";s:2:"25";s:4:"page";s:1:"0";}', '200'),
	(746, '127.0.0.1', 1, 'Ibeffaro', '2023-04-04 17:34:18', 'Mengakses http://localhost/agenx/master/checkin', 'GET', '', '200'),
	(747, '127.0.0.1', 1, 'Ibeffaro', '2023-04-04 17:34:18', 'Mengakses http://localhost/agenx/master/checkin/data', 'GET', 'a:3:{s:6:"select";a:3:{i:0;s:4:"nama";i:1;s:13:"jenis_kelamin";i:2;s:4:"telp";}s:5:"limit";s:2:"25";s:4:"page";s:1:"0";}', '200'),
	(748, '127.0.0.1', 1, 'Ibeffaro', '2023-04-04 17:36:14', 'Mengakses http://localhost/agenx/master/checkin', 'GET', '', '200'),
	(749, '127.0.0.1', 1, 'Ibeffaro', '2023-04-04 17:36:15', 'Mengakses http://localhost/agenx/master/checkin/data', 'GET', 'a:3:{s:6:"select";a:3:{i:0;s:4:"nama";i:1;s:13:"jenis_kelamin";i:2;s:4:"telp";}s:5:"limit";s:2:"25";s:4:"page";s:1:"0";}', '200'),
	(750, '127.0.0.1', 1, 'Ibeffaro', '2023-04-04 17:36:23', 'Mengakses http://localhost/agenx/master/order', 'GET', '', '200'),
	(751, '127.0.0.1', 1, 'Ibeffaro', '2023-04-04 17:36:24', 'Mengakses http://localhost/agenx/master/order/data', 'GET', 'a:3:{s:6:"select";a:4:{i:0;s:4:"nama";i:1;s:13:"jenis_kelamin";i:2;s:4:"telp";i:3;s:9:"is_active";}s:5:"limit";s:2:"25";s:4:"page";s:1:"0";}', '200'),
	(752, '127.0.0.1', 1, 'Ibeffaro', '2023-04-04 17:37:01', 'Mengakses http://localhost/agenx/master/order', 'GET', '', '200'),
	(753, '127.0.0.1', 1, 'Ibeffaro', '2023-04-04 17:37:01', 'Mengakses http://localhost/agenx/master/order/data', 'GET', 'a:3:{s:6:"select";a:5:{i:0;s:8:"nomor_id";i:1;s:4:"nama";i:2;s:13:"jenis_kelamin";i:3;s:4:"telp";i:4;s:9:"is_active";}s:5:"limit";s:2:"25";s:4:"page";s:1:"0";}', '200'),
	(754, '127.0.0.1', 1, 'Ibeffaro', '2023-04-04 17:37:07', 'Mengakses http://localhost/agenx/master/checkin/save', 'POST', 'a:2:{s:2:"id";s:0:"";s:7:"nomor_i";s:14:"20230404173359";}', '200'),
	(755, '127.0.0.1', 1, 'Ibeffaro', '2023-04-04 17:37:32', 'Mengakses http://localhost/agenx/master/checkin', 'GET', '', '200'),
	(756, '127.0.0.1', 1, 'Ibeffaro', '2023-04-04 17:37:33', 'Mengakses http://localhost/agenx/master/checkin/data', 'GET', 'a:3:{s:6:"select";a:3:{i:0;s:4:"nama";i:1;s:13:"jenis_kelamin";i:2;s:4:"telp";}s:5:"limit";s:2:"25";s:4:"page";s:1:"0";}', '200'),
	(757, '127.0.0.1', 1, 'Ibeffaro', '2023-04-04 17:37:38', 'Mengakses http://localhost/agenx/master/checkin/save', 'POST', 'a:2:{s:2:"id";s:0:"";s:8:"nomor_id";s:14:"20230404173359";}', '200'),
	(758, '127.0.0.1', 1, 'Ibeffaro', '2023-04-04 17:38:50', 'Mengakses http://localhost/agenx/master/order', 'GET', '', '200'),
	(759, '127.0.0.1', 1, 'Ibeffaro', '2023-04-04 17:38:50', 'Mengakses http://localhost/agenx/master/order/data', 'GET', 'a:3:{s:6:"select";a:5:{i:0;s:8:"nomor_id";i:1;s:4:"nama";i:2;s:13:"jenis_kelamin";i:3;s:4:"telp";i:4;s:9:"is_active";}s:5:"limit";s:2:"25";s:4:"page";s:1:"0";}', '200'),
	(760, '127.0.0.1', 1, 'Ibeffaro', '2023-04-04 17:43:07', 'Mengakses http://localhost/agenx/master/checkin/save', 'POST', 'a:2:{s:2:"id";s:0:"";s:8:"nomor_id";s:15:"202304041733591";}', '200'),
	(761, '127.0.0.1', 1, 'Ibeffaro', '2023-04-04 17:43:15', 'Mengakses http://localhost/agenx/master/checkin/save', 'POST', 'a:2:{s:2:"id";s:0:"";s:8:"nomor_id";s:14:"20230404173359";}', '200'),
	(762, '127.0.0.1', 1, 'Ibeffaro', '2023-04-04 17:44:42', 'Mengakses http://localhost/agenx/master/checkin/save', 'POST', 'a:2:{s:2:"id";s:0:"";s:8:"nomor_id";s:14:"20230404173359";}', '200'),
	(763, '127.0.0.1', 1, 'Ibeffaro', '2023-04-04 17:44:44', 'Mengakses http://localhost/agenx/master/checkin', 'GET', '', '200'),
	(764, '127.0.0.1', 1, 'Ibeffaro', '2023-04-04 17:44:45', 'Mengakses http://localhost/agenx/master/checkin/data', 'GET', 'a:3:{s:6:"select";a:3:{i:0;s:4:"nama";i:1;s:13:"jenis_kelamin";i:2;s:4:"telp";}s:5:"limit";s:2:"25";s:4:"page";s:1:"0";}', '200'),
	(765, '127.0.0.1', 1, 'Ibeffaro', '2023-04-04 17:44:49', 'Mengakses http://localhost/agenx/master/order', 'GET', '', '200'),
	(766, '127.0.0.1', 1, 'Ibeffaro', '2023-04-04 17:44:49', 'Mengakses http://localhost/agenx/master/order/data', 'GET', 'a:3:{s:6:"select";a:5:{i:0;s:8:"nomor_id";i:1;s:4:"nama";i:2;s:13:"jenis_kelamin";i:3;s:4:"telp";i:4;s:9:"is_active";}s:5:"limit";s:2:"25";s:4:"page";s:1:"0";}', '200'),
	(767, '127.0.0.1', 1, 'Ibeffaro', '2023-04-04 17:45:25', 'Mengakses http://localhost/agenx/master/order', 'GET', '', '200'),
	(768, '127.0.0.1', 1, 'Ibeffaro', '2023-04-04 17:45:26', 'Mengakses http://localhost/agenx/master/order/data', 'GET', 'a:3:{s:6:"select";a:5:{i:0;s:8:"nomor_id";i:1;s:4:"nama";i:2;s:13:"jenis_kelamin";i:3;s:4:"telp";i:4;s:9:"is_active";}s:5:"limit";s:2:"25";s:4:"page";s:1:"0";}', '200'),
	(769, '127.0.0.1', 1, 'Ibeffaro', '2023-04-04 17:45:27', 'Mengakses http://localhost/agenx/master/checkin', 'GET', '', '200'),
	(770, '127.0.0.1', 1, 'Ibeffaro', '2023-04-04 17:45:27', 'Mengakses http://localhost/agenx/master/checkin/data', 'GET', 'a:3:{s:6:"select";a:3:{i:0;s:4:"nama";i:1;s:13:"jenis_kelamin";i:2;s:4:"telp";}s:5:"limit";s:2:"25";s:4:"page";s:1:"0";}', '200'),
	(771, '127.0.0.1', 1, 'Ibeffaro', '2023-04-04 17:45:32', 'Mengakses http://localhost/agenx/master/checkin', 'GET', '', '200'),
	(772, '127.0.0.1', 1, 'Ibeffaro', '2023-04-04 17:45:33', 'Mengakses http://localhost/agenx/master/checkin/data', 'GET', 'a:3:{s:6:"select";a:3:{i:0;s:4:"nama";i:1;s:13:"jenis_kelamin";i:2;s:4:"telp";}s:5:"limit";s:2:"25";s:4:"page";s:1:"0";}', '200'),
	(773, '127.0.0.1', 1, 'Ibeffaro', '2023-04-04 17:45:49', 'Mengakses http://localhost/agenx/master/order', 'GET', '', '200'),
	(774, '127.0.0.1', 1, 'Ibeffaro', '2023-04-04 17:45:49', 'Mengakses http://localhost/agenx/master/order/data', 'GET', 'a:3:{s:6:"select";a:5:{i:0;s:8:"nomor_id";i:1;s:4:"nama";i:2;s:13:"jenis_kelamin";i:3;s:4:"telp";i:4;s:9:"is_active";}s:5:"limit";s:2:"25";s:4:"page";s:1:"0";}', '200'),
	(775, '127.0.0.1', 1, 'Ibeffaro', '2023-04-04 17:45:51', 'Mengakses http://localhost/agenx/master/order/get-data', 'GET', 'a:1:{s:2:"id";s:1:"2";}', '200'),
	(776, '127.0.0.1', 1, 'Ibeffaro', '2023-04-04 17:45:53', 'Mengakses http://localhost/agenx/master/order/get-data', 'GET', 'a:1:{s:2:"id";s:1:"1";}', '200'),
	(777, '127.0.0.1', 1, 'Ibeffaro', '2023-04-04 17:45:56', 'Mengakses http://localhost/agenx/master/checkin', 'GET', '', '200'),
	(778, '127.0.0.1', 1, 'Ibeffaro', '2023-04-04 17:45:57', 'Mengakses http://localhost/agenx/master/checkin/data', 'GET', 'a:3:{s:6:"select";a:3:{i:0;s:4:"nama";i:1;s:13:"jenis_kelamin";i:2;s:4:"telp";}s:5:"limit";s:2:"25";s:4:"page";s:1:"0";}', '200'),
	(779, '127.0.0.1', 1, 'Ibeffaro', '2023-04-04 17:46:09', 'Mengakses http://localhost/agenx/master/checkin/save', 'POST', 'a:2:{s:2:"id";s:0:"";s:8:"nomor_id";s:13:"0987890987891";}', '200'),
	(780, '127.0.0.1', 1, 'Ibeffaro', '2023-04-04 17:46:18', 'Mengakses http://localhost/agenx/master/order', 'GET', '', '200'),
	(781, '127.0.0.1', 1, 'Ibeffaro', '2023-04-04 17:46:19', 'Mengakses http://localhost/agenx/master/order/data', 'GET', 'a:3:{s:6:"select";a:5:{i:0;s:8:"nomor_id";i:1;s:4:"nama";i:2;s:13:"jenis_kelamin";i:3;s:4:"telp";i:4;s:9:"is_active";}s:5:"limit";s:2:"25";s:4:"page";s:1:"0";}', '200'),
	(782, '127.0.0.1', 1, 'Ibeffaro', '2023-04-04 17:46:30', 'Mengakses http://localhost/agenx/master/checkin/save', 'POST', 'a:2:{s:2:"id";s:0:"";s:8:"nomor_id";s:14:"20230404173359";}', '200'),
	(783, '127.0.0.1', 1, 'Ibeffaro', '2023-04-04 17:46:36', 'Mengakses http://localhost/agenx/master/order', 'GET', '', '200'),
	(784, '127.0.0.1', 1, 'Ibeffaro', '2023-04-04 17:46:36', 'Mengakses http://localhost/agenx/master/order/data', 'GET', 'a:3:{s:6:"select";a:5:{i:0;s:8:"nomor_id";i:1;s:4:"nama";i:2;s:13:"jenis_kelamin";i:3;s:4:"telp";i:4;s:9:"is_active";}s:5:"limit";s:2:"25";s:4:"page";s:1:"0";}', '200'),
	(785, '127.0.0.1', 1, 'Ibeffaro', '2023-04-04 17:47:45', 'Mengakses http://localhost/agenx/master/checkin', 'GET', '', '200'),
	(786, '127.0.0.1', 1, 'Ibeffaro', '2023-04-04 17:47:46', 'Mengakses http://localhost/agenx/master/checkin/data', 'GET', 'a:3:{s:6:"select";a:3:{i:0;s:4:"nama";i:1;s:13:"jenis_kelamin";i:2;s:4:"telp";}s:5:"limit";s:2:"25";s:4:"page";s:1:"0";}', '200'),
	(787, '127.0.0.1', 1, 'Ibeffaro', '2023-04-04 17:47:46', 'Mengakses http://localhost/agenx/master/order', 'GET', '', '200'),
	(788, '127.0.0.1', 1, 'Ibeffaro', '2023-04-04 17:47:47', 'Mengakses http://localhost/agenx/master/order/data', 'GET', 'a:3:{s:6:"select";a:5:{i:0;s:8:"nomor_id";i:1;s:4:"nama";i:2;s:13:"jenis_kelamin";i:3;s:4:"telp";i:4;s:9:"is_active";}s:5:"limit";s:2:"25";s:4:"page";s:1:"0";}', '200'),
	(789, '127.0.0.1', 1, 'Ibeffaro', '2023-04-04 17:47:47', 'Mengakses http://localhost/agenx/master/checkin', 'GET', '', '200'),
	(790, '127.0.0.1', 1, 'Ibeffaro', '2023-04-04 17:47:47', 'Mengakses http://localhost/agenx/master/checkin/data', 'GET', 'a:3:{s:6:"select";a:3:{i:0;s:4:"nama";i:1;s:13:"jenis_kelamin";i:2;s:4:"telp";}s:5:"limit";s:2:"25";s:4:"page";s:1:"0";}', '200'),
	(791, '127.0.0.1', 1, 'Ibeffaro', '2023-04-04 17:47:49', 'Mengakses http://localhost/agenx/auth/logout', 'GET', '', '200'),
	(792, '127.0.0.1', 0, '', '2023-04-04 17:47:49', 'Mengakses http://localhost/agenx/auth/login', 'GET', '', '200'),
	(793, '127.0.0.1', 0, '', '2023-04-04 17:47:59', 'Mengakses http://localhost/agenx/auth/do-login', 'POST', 'a:2:{s:8:"username";s:10:"superadmin";s:8:"password";s:60:"$2y$09$HS9PSYYDj7VkrDDk6dUvG.rYI0OiYHEPpQv54UXIzzTxSQkiW1fWi";}', '200'),
	(794, '127.0.0.1', 2, 'Super Admin', '2023-04-04 17:47:59', 'Mengakses http://localhost/agenx/welcome', 'GET', '', '200'),
	(795, '127.0.0.1', 2, 'Super Admin', '2023-04-04 17:48:02', 'Mengakses http://localhost/agenx/master/order', 'GET', '', '200'),
	(796, '127.0.0.1', 2, 'Super Admin', '2023-04-04 17:48:03', 'Mengakses http://localhost/agenx/master/order/data', 'GET', 'a:3:{s:6:"select";a:5:{i:0;s:8:"nomor_id";i:1;s:4:"nama";i:2;s:13:"jenis_kelamin";i:3;s:4:"telp";i:4;s:9:"is_active";}s:5:"limit";s:2:"25";s:4:"page";s:1:"0";}', '200'),
	(797, '127.0.0.1', 2, 'Super Admin', '2023-04-04 17:48:04', 'Mengakses http://localhost/agenx/master/checkin', 'GET', '', '200'),
	(798, '127.0.0.1', 2, 'Super Admin', '2023-04-04 17:48:05', 'Mengakses http://localhost/agenx/master/checkin/data', 'GET', 'a:3:{s:6:"select";a:3:{i:0;s:4:"nama";i:1;s:13:"jenis_kelamin";i:2;s:4:"telp";}s:5:"limit";s:2:"25";s:4:"page";s:1:"0";}', '200'),
	(799, '127.0.0.1', 2, 'Super Admin', '2023-04-04 17:48:06', 'Mengakses http://localhost/agenx/master/order', 'GET', '', '200'),
	(800, '127.0.0.1', 2, 'Super Admin', '2023-04-04 17:48:06', 'Mengakses http://localhost/agenx/master/order/data', 'GET', 'a:3:{s:6:"select";a:5:{i:0;s:8:"nomor_id";i:1;s:4:"nama";i:2;s:13:"jenis_kelamin";i:3;s:4:"telp";i:4;s:9:"is_active";}s:5:"limit";s:2:"25";s:4:"page";s:1:"0";}', '200'),
	(801, '127.0.0.1', 2, 'Super Admin', '2023-04-04 17:48:07', 'Mengakses http://localhost/agenx/welcome', 'GET', '', '200'),
	(802, '127.0.0.1', 2, 'Super Admin', '2023-04-04 17:48:55', 'Mengakses http://localhost/agenx/welcome', 'GET', '', '200'),
	(803, '127.0.0.1', 2, 'Super Admin', '2023-04-04 17:49:04', 'Mengakses http://localhost/agenx/auth/logout', 'GET', '', '200'),
	(804, '127.0.0.1', 0, '', '2023-04-04 17:49:04', 'Mengakses http://localhost/agenx/auth/login', 'GET', '', '200'),
	(805, '127.0.0.1', 0, '', '2023-04-04 17:49:16', 'Mengakses http://localhost/agenx/auth/do-login', 'POST', 'a:2:{s:8:"username";s:10:"superadmin";s:8:"password";s:60:"$2y$09$E/vhwTruhS23va4yaEbShegApS9TWgBMwnH9nrjkkfruGYA8/HQaa";}', '200'),
	(806, '127.0.0.1', 2, 'Super Admin', '2023-04-04 17:49:16', 'Mengakses http://localhost/agenx/welcome', 'GET', '', '200'),
	(807, '127.0.0.1', 2, 'Super Admin', '2023-04-04 17:49:18', 'Mengakses http://localhost/agenx/master/order', 'GET', '', '200'),
	(808, '127.0.0.1', 2, 'Super Admin', '2023-04-04 17:49:19', 'Mengakses http://localhost/agenx/master/order/data', 'GET', 'a:3:{s:6:"select";a:5:{i:0;s:8:"nomor_id";i:1;s:4:"nama";i:2;s:13:"jenis_kelamin";i:3;s:4:"telp";i:4;s:9:"is_active";}s:5:"limit";s:2:"25";s:4:"page";s:1:"0";}', '200'),
	(809, '127.0.0.1', 2, 'Super Admin', '2023-04-04 17:49:19', 'Mengakses http://localhost/agenx/master/checkin', 'GET', '', '200'),
	(810, '127.0.0.1', 2, 'Super Admin', '2023-04-04 17:49:19', 'Mengakses http://localhost/agenx/master/checkin/data', 'GET', 'a:3:{s:6:"select";a:3:{i:0;s:4:"nama";i:1;s:13:"jenis_kelamin";i:2;s:4:"telp";}s:5:"limit";s:2:"25";s:4:"page";s:1:"0";}', '200'),
	(811, '127.0.0.1', 2, 'Super Admin', '2023-04-04 18:07:29', 'Mengakses http://localhost/agenx/master/order', 'GET', '', '200'),
	(812, '127.0.0.1', 2, 'Super Admin', '2023-04-04 18:07:29', 'Mengakses http://localhost/agenx/master/order/data', 'GET', 'a:3:{s:6:"select";a:5:{i:0;s:8:"nomor_id";i:1;s:4:"nama";i:2;s:13:"jenis_kelamin";i:3;s:4:"telp";i:4;s:9:"is_active";}s:5:"limit";s:2:"25";s:4:"page";s:1:"0";}', '200'),
	(813, '127.0.0.1', 2, 'Super Admin', '2023-04-04 18:18:48', 'Mengakses http://localhost/agenx/master/order/get-data', 'GET', 'a:1:{s:2:"id";s:1:"7";}', '200'),
	(814, '127.0.0.1', 2, 'Super Admin', '2023-04-04 18:18:54', 'Mengakses http://localhost/agenx/master/checkin', 'GET', '', '200'),
	(815, '127.0.0.1', 2, 'Super Admin', '2023-04-04 18:18:54', 'Mengakses http://localhost/agenx/master/checkin/data', 'GET', 'a:3:{s:6:"select";a:3:{i:0;s:4:"nama";i:1;s:13:"jenis_kelamin";i:2;s:4:"telp";}s:5:"limit";s:2:"25";s:4:"page";s:1:"0";}', '200'),
	(816, '127.0.0.1', 2, 'Super Admin', '2023-04-04 18:18:55', 'Mengakses http://localhost/agenx/master/checkin', 'GET', '', '200'),
	(817, '127.0.0.1', 2, 'Super Admin', '2023-04-04 18:18:56', 'Mengakses http://localhost/agenx/master/checkin/data', 'GET', 'a:3:{s:6:"select";a:3:{i:0;s:4:"nama";i:1;s:13:"jenis_kelamin";i:2;s:4:"telp";}s:5:"limit";s:2:"25";s:4:"page";s:1:"0";}', '200'),
	(818, '127.0.0.1', 2, 'Super Admin', '2023-04-04 18:18:58', 'Mengakses http://localhost/agenx/master/order', 'GET', '', '200'),
	(819, '127.0.0.1', 2, 'Super Admin', '2023-04-04 18:18:58', 'Mengakses http://localhost/agenx/master/order/data', 'GET', 'a:3:{s:6:"select";a:5:{i:0;s:8:"nomor_id";i:1;s:4:"nama";i:2;s:13:"jenis_kelamin";i:3;s:4:"telp";i:4;s:9:"is_active";}s:5:"limit";s:2:"25";s:4:"page";s:1:"0";}', '200'),
	(820, '127.0.0.1', 2, 'Super Admin', '2023-04-04 18:19:02', 'Mengakses http://localhost/agenx/master/checkin', 'GET', '', '200'),
	(821, '127.0.0.1', 2, 'Super Admin', '2023-04-04 18:19:02', 'Mengakses http://localhost/agenx/master/checkin/data', 'GET', 'a:3:{s:6:"select";a:3:{i:0;s:4:"nama";i:1;s:13:"jenis_kelamin";i:2;s:4:"telp";}s:5:"limit";s:2:"25";s:4:"page";s:1:"0";}', '200'),
	(822, '127.0.0.1', 2, 'Super Admin', '2023-04-04 18:19:36', 'Mengakses http://localhost/agenx/master/checkin', 'GET', '', '200'),
	(823, '127.0.0.1', 2, 'Super Admin', '2023-04-04 18:19:36', 'Mengakses http://localhost/agenx/master/checkin/data', 'GET', 'a:3:{s:6:"select";a:3:{i:0;s:4:"nama";i:1;s:13:"jenis_kelamin";i:2;s:4:"telp";}s:5:"limit";s:2:"25";s:4:"page";s:1:"0";}', '200'),
	(824, '127.0.0.1', 2, 'Super Admin', '2023-04-04 18:20:16', 'Mengakses http://localhost/agenx/master/checkin', 'GET', '', '200'),
	(825, '127.0.0.1', 2, 'Super Admin', '2023-04-04 18:20:17', 'Mengakses http://localhost/agenx/master/checkin/data', 'GET', 'a:3:{s:6:"select";a:6:{i:0;s:8:"nomor_id";i:1;s:13:"jenis_kelamin";i:2;s:4:"nama";i:3;s:13:"jenis_kelamin";i:4;s:4:"telp";i:5;s:9:"is_active";}s:5:"limit";s:2:"25";s:4:"page";s:1:"0";}', '200'),
	(826, '127.0.0.1', 2, 'Super Admin', '2023-04-04 18:20:38', 'Mengakses http://localhost/agenx/master/checkin', 'GET', '', '200'),
	(827, '127.0.0.1', 2, 'Super Admin', '2023-04-04 18:20:38', 'Mengakses http://localhost/agenx/master/checkin/data', 'GET', 'a:3:{s:6:"select";a:5:{i:0;s:8:"nomor_id";i:1;s:13:"jenis_kelamin";i:2;s:4:"nama";i:3;s:13:"jenis_kelamin";i:4;s:4:"telp";}s:5:"limit";s:2:"25";s:4:"page";s:1:"0";}', '200'),
	(828, '127.0.0.1', 2, 'Super Admin', '2023-04-04 18:21:03', 'Mengakses http://localhost/agenx/master/checkin', 'GET', '', '200'),
	(829, '127.0.0.1', 2, 'Super Admin', '2023-04-04 18:21:03', 'Mengakses http://localhost/agenx/master/checkin/data', 'GET', 'a:3:{s:6:"select";a:6:{i:0;s:8:"nomor_id";i:1;s:13:"jenis_kelamin";i:2;s:4:"nama";i:3;s:13:"jenis_kelamin";i:4;s:4:"telp";i:5;s:9:"is_active";}s:5:"limit";s:2:"25";s:4:"page";s:1:"0";}', '200'),
	(830, '127.0.0.1', 2, 'Super Admin', '2023-04-04 18:21:07', 'Mengakses http://localhost/agenx/master/checkin/data', 'GET', 'a:4:{s:6:"select";a:6:{i:0;s:8:"nomor_id";i:1;s:13:"jenis_kelamin";i:2;s:4:"nama";i:3;s:13:"jenis_kelamin";i:4;s:4:"telp";i:5;s:9:"is_active";}s:6:"filter";a:1:{s:14:"opt::is_active";s:1:"0";}s:5:"limit";s:2:"25";s:4:"page";s:1:"1";}', '200'),
	(831, '127.0.0.1', 2, 'Super Admin', '2023-04-04 18:21:07', 'Mengakses http://localhost/agenx/master/checkin/data', 'GET', 'a:4:{s:6:"select";a:6:{i:0;s:8:"nomor_id";i:1;s:13:"jenis_kelamin";i:2;s:4:"nama";i:3;s:13:"jenis_kelamin";i:4;s:4:"telp";i:5;s:9:"is_active";}s:6:"filter";a:1:{s:14:"opt::is_active";s:1:"0";}s:5:"limit";s:2:"25";s:4:"page";s:1:"0";}', '200'),
	(832, '127.0.0.1', 2, 'Super Admin', '2023-04-04 18:21:09', 'Mengakses http://localhost/agenx/master/checkin/data', 'GET', 'a:4:{s:6:"select";a:6:{i:0;s:8:"nomor_id";i:1;s:13:"jenis_kelamin";i:2;s:4:"nama";i:3;s:13:"jenis_kelamin";i:4;s:4:"telp";i:5;s:9:"is_active";}s:6:"filter";a:1:{s:14:"opt::is_active";s:1:"1";}s:5:"limit";s:2:"25";s:4:"page";s:1:"0";}', '200'),
	(833, '127.0.0.1', 2, 'Super Admin', '2023-04-04 18:21:30', 'Mengakses http://localhost/agenx/master/checkin', 'GET', '', '200'),
	(834, '127.0.0.1', 2, 'Super Admin', '2023-04-04 18:21:30', 'Mengakses http://localhost/agenx/master/checkin/data', 'GET', 'a:3:{s:6:"select";a:6:{i:0;s:8:"nomor_id";i:1;s:13:"jenis_kelamin";i:2;s:4:"nama";i:3;s:13:"jenis_kelamin";i:4;s:4:"telp";i:5;s:9:"is_active";}s:5:"limit";s:2:"25";s:4:"page";s:1:"0";}', '200'),
	(835, '127.0.0.1', 2, 'Super Admin', '2023-04-04 18:21:40', 'Mengakses http://localhost/agenx/master/checkin', 'GET', '', '200'),
	(836, '127.0.0.1', 2, 'Super Admin', '2023-04-04 18:21:41', 'Mengakses http://localhost/agenx/master/checkin/data', 'GET', 'a:3:{s:6:"select";a:5:{i:0;s:8:"nomor_id";i:1;s:4:"nama";i:2;s:13:"jenis_kelamin";i:3;s:4:"telp";i:4;s:9:"is_active";}s:5:"limit";s:2:"25";s:4:"page";s:1:"0";}', '200'),
	(837, '127.0.0.1', 2, 'Super Admin', '2023-04-04 18:21:49', 'Mengakses http://localhost/agenx/master/order', 'GET', '', '200'),
	(838, '127.0.0.1', 2, 'Super Admin', '2023-04-04 18:21:49', 'Mengakses http://localhost/agenx/master/order/data', 'GET', 'a:3:{s:6:"select";a:5:{i:0;s:8:"nomor_id";i:1;s:4:"nama";i:2;s:13:"jenis_kelamin";i:3;s:4:"telp";i:4;s:9:"is_active";}s:5:"limit";s:2:"25";s:4:"page";s:1:"0";}', '200'),
	(839, '127.0.0.1', 2, 'Super Admin', '2023-04-04 18:21:50', 'Mengakses http://localhost/agenx/master/checkin', 'GET', '', '200'),
	(840, '127.0.0.1', 2, 'Super Admin', '2023-04-04 18:21:50', 'Mengakses http://localhost/agenx/master/checkin/data', 'GET', 'a:3:{s:6:"select";a:5:{i:0;s:8:"nomor_id";i:1;s:4:"nama";i:2;s:13:"jenis_kelamin";i:3;s:4:"telp";i:4;s:9:"is_active";}s:5:"limit";s:2:"25";s:4:"page";s:1:"0";}', '200'),
	(841, '127.0.0.1', 2, 'Super Admin', '2023-04-04 18:22:16', 'Mengakses http://localhost/agenx/master/order', 'GET', '', '200'),
	(842, '127.0.0.1', 2, 'Super Admin', '2023-04-04 18:22:17', 'Mengakses http://localhost/agenx/master/order/data', 'GET', 'a:3:{s:6:"select";a:5:{i:0;s:8:"nomor_id";i:1;s:4:"nama";i:2;s:13:"jenis_kelamin";i:3;s:4:"telp";i:4;s:9:"is_active";}s:5:"limit";s:2:"25";s:4:"page";s:1:"0";}', '200'),
	(843, '127.0.0.1', 2, 'Super Admin', '2023-04-04 18:24:04', 'Mengakses http://localhost/agenx/master/checkin', 'GET', '', '200'),
	(844, '127.0.0.1', 2, 'Super Admin', '2023-04-04 18:24:04', 'Mengakses http://localhost/agenx/master/checkin/data', 'GET', 'a:3:{s:6:"select";a:5:{i:0;s:8:"nomor_id";i:1;s:4:"nama";i:2;s:13:"jenis_kelamin";i:3;s:4:"telp";i:4;s:9:"is_active";}s:5:"limit";s:2:"25";s:4:"page";s:1:"0";}', '200'),
	(845, '127.0.0.1', 2, 'Super Admin', '2023-04-04 18:24:05', 'Mengakses http://localhost/agenx/master/order', 'GET', '', '200'),
	(846, '127.0.0.1', 2, 'Super Admin', '2023-04-04 18:24:05', 'Mengakses http://localhost/agenx/master/order/data', 'GET', 'a:3:{s:6:"select";a:5:{i:0;s:8:"nomor_id";i:1;s:4:"nama";i:2;s:13:"jenis_kelamin";i:3;s:4:"telp";i:4;s:9:"is_active";}s:5:"limit";s:2:"25";s:4:"page";s:1:"0";}', '200'),
	(847, '127.0.0.1', 2, 'Super Admin', '2023-04-04 18:24:05', 'Mengakses http://localhost/agenx/master/checkin', 'GET', '', '200'),
	(848, '127.0.0.1', 2, 'Super Admin', '2023-04-04 18:24:06', 'Mengakses http://localhost/agenx/master/checkin/data', 'GET', 'a:3:{s:6:"select";a:5:{i:0;s:8:"nomor_id";i:1;s:4:"nama";i:2;s:13:"jenis_kelamin";i:3;s:4:"telp";i:4;s:9:"is_active";}s:5:"limit";s:2:"25";s:4:"page";s:1:"0";}', '200'),
	(849, '127.0.0.1', 2, 'Super Admin', '2023-04-04 18:24:12', 'Mengakses http://localhost/agenx/master/order', 'GET', '', '200'),
	(850, '127.0.0.1', 2, 'Super Admin', '2023-04-04 18:24:12', 'Mengakses http://localhost/agenx/master/order/data', 'GET', 'a:3:{s:6:"select";a:5:{i:0;s:8:"nomor_id";i:1;s:4:"nama";i:2;s:13:"jenis_kelamin";i:3;s:4:"telp";i:4;s:9:"is_active";}s:5:"limit";s:2:"25";s:4:"page";s:1:"0";}', '200'),
	(851, '127.0.0.1', 2, 'Super Admin', '2023-04-04 18:24:36', 'Mengakses http://localhost/agenx/master/order', 'GET', '', '200'),
	(852, '127.0.0.1', 2, 'Super Admin', '2023-04-04 18:24:36', 'Mengakses http://localhost/agenx/master/order/data', 'GET', 'a:3:{s:6:"select";a:5:{i:0;s:8:"nomor_id";i:1;s:4:"nama";i:2;s:13:"jenis_kelamin";i:3;s:4:"telp";i:4;s:9:"is_active";}s:5:"limit";s:2:"25";s:4:"page";s:1:"0";}', '200'),
	(853, '127.0.0.1', 2, 'Super Admin', '2023-04-04 18:24:37', 'Mengakses http://localhost/agenx/master/checkin', 'GET', '', '200'),
	(854, '127.0.0.1', 2, 'Super Admin', '2023-04-04 18:24:38', 'Mengakses http://localhost/agenx/master/checkin/data', 'GET', 'a:3:{s:6:"select";a:5:{i:0;s:8:"nomor_id";i:1;s:4:"nama";i:2;s:13:"jenis_kelamin";i:3;s:4:"telp";i:4;s:9:"is_active";}s:5:"limit";s:2:"25";s:4:"page";s:1:"0";}', '200');
/*!40000 ALTER TABLE `tbl_user_log` ENABLE KEYS */;

-- Dumping structure for table agenx.tbl_user_password
CREATE TABLE IF NOT EXISTS `tbl_user_password` (
  `id` bigint(20) unsigned NOT NULL AUTO_INCREMENT,
  `id_user` bigint(20) unsigned NOT NULL COMMENT 'fk',
  `password` varchar(150) NOT NULL,
  `tanggal` datetime NOT NULL,
  PRIMARY KEY (`id`)
) ENGINE=MyISAM DEFAULT CHARSET=utf8;

-- Dumping data for table agenx.tbl_user_password: 0 rows
DELETE FROM `tbl_user_password`;
/*!40000 ALTER TABLE `tbl_user_password` DISABLE KEYS */;
/*!40000 ALTER TABLE `tbl_user_password` ENABLE KEYS */;

-- Dumping structure for table agenx._migration
CREATE TABLE IF NOT EXISTS `_migration` (
  `migration` varchar(150) NOT NULL,
  `exec_time` datetime NOT NULL,
  PRIMARY KEY (`migration`)
) ENGINE=MyISAM DEFAULT CHARSET=utf8;

-- Dumping data for table agenx._migration: 11 rows
DELETE FROM `_migration`;
/*!40000 ALTER TABLE `_migration` DISABLE KEYS */;
INSERT INTO `_migration` (`migration`, `exec_time`) VALUES
	('20210715113609c_tbl_kode', '2022-07-06 16:27:48'),
	('20210715113617c_tbl_menu', '2022-07-06 16:27:48'),
	('20210715113622c_tbl_notifikasi', '2022-07-06 16:27:48'),
	('20210715113631c_tbl_setting', '2022-07-06 16:27:48'),
	('20210715113635c_tbl_user', '2022-07-06 16:27:48'),
	('20210715113638c_tbl_user_akses', '2022-07-06 16:27:48'),
	('20210715113642c_tbl_user_group', '2022-07-06 16:27:48'),
	('20210715113656c_tbl_user_log', '2022-07-06 16:27:48'),
	('20210715113700c_tbl_user_password', '2022-07-06 16:27:48'),
	('20211111211216c_tbl_informasi', '2022-07-06 16:27:48'),
	('20220213051107m_tbl_user_group', '2022-07-06 16:27:48');
/*!40000 ALTER TABLE `_migration` ENABLE KEYS */;

/*!40103 SET TIME_ZONE=IFNULL(@OLD_TIME_ZONE, 'system') */;
/*!40101 SET SQL_MODE=IFNULL(@OLD_SQL_MODE, '') */;
/*!40014 SET FOREIGN_KEY_CHECKS=IFNULL(@OLD_FOREIGN_KEY_CHECKS, 1) */;
/*!40101 SET CHARACTER_SET_CLIENT=@OLD_CHARACTER_SET_CLIENT */;
/*!40111 SET SQL_NOTES=IFNULL(@OLD_SQL_NOTES, 1) */;
